pn_id,usma_grad_yr,ma100,ma103,ma104,ma153,ma205,ma255,ma206,core_avg,cqpa,ccps,timeframe
C06858855,2019,,0.90891,0.89033333,,,,0.887,0.89541444,3.206,3.00795007,17-1
C61151535,2019,,0.904735,0.8175,,,,0.80135,0.841195,3.034,3.03295279,17-1
C34254296,2018,,0.81842105,0.88302,,0.7485,,0.80322,0.81329026,2.77,2.63210559,17-1
C35869243,2019,,0.86442,0.81033333,,,,0.75917,0.81130777,2.918,2.71379447,17-1
C79746617,2019,,,,0.66192,0.8534,,0.82143,0.77891666,2.324,2.04692698,17-1
C13622872,2019,,,,0.8481,,0.85132313,0.851,0.85014104,3.286,2.87902069,17-1
C61220915,2019,,0.73985,0.7315,,,,0.65538,0.70891,2.025,2.18013072,17-1
C85437410,2019,,0.78759898,0.76327333,,0.7501,,0.769,0.76749307,2.804,2.64123297,17-1
C27967902,2019,,0.950915,0.94204666,,,,0.8963,0.92975388,3.661,3.10044122,17-1
C87564463,2019,,0.895225,0.90933333,,0.86067,,0.8175,0.87068208,3.216,3.11477017,17-1
C28929017,2019,,0.70015,0.71352666,,,,0.75637,0.72334888,2.284,2.61003494,17-1
C18196712,2019,,,,0.93401522,,0.95218271,0.91875,0.93498264,3.682,3.24538469,17-1
C56012543,2019,,0.866785,0.816,,,,0.85813,0.84697166,2.894,2.59867954,17-1
C80465890,2019,,0.88814,0.78536666,,,,0.855,0.84283555,3.161,2.87518001,17-1
C84947958,2019,,0.769765,0.80775942,,,,0.67256,0.75002814,2.45,2.34346318,17-1
C38000623,2019,,0.86,0.80116666,,,,0.7896,0.81692222,2.881,2.88345814,17-1
C97810344,2018,,0.90125,0.93261,,0.9335,,0.862,0.90734,3.585,3.37669587,17-1
C02607438,2019,,0.96641,0.91022,,,,0.935,0.93721,3.592,3.28304958,17-1
C48278654,2019,,,,0.955985,,0.9420072,0.953,0.95033073,3.936,3.41167855,17-1
C49938456,2019,,,,0.936705,,0.95746624,0.9725,0.95555708,3.841,3.22529864,17-1
C63056351,2019,,0.924,0.96066666,,,,0.90751,0.93072555,3.776,3.1498692,17-1
C87097175,2019,,0.936,0.93375333,,,,0.925,0.93158444,3.326,2.96114016,17-1
C05734755,2019,,0.887225,0.83166666,,,,0.769,0.82929722,2.625,2.41432738,17-1
C97210183,2019,,0.797,0.71669666,,,,0.79718,0.77029222,0,0,17-1
C22755301,2019,,,,0.915975,,0.89896039,0.96727,0.92740179,3.508,3.09525013,17-1
C36734349,2019,,,,0.93857,,0.94846984,0.89802,0.92835328,3.792,3.28576827,17-1
C82392995,2019,,0.92512,0.90787333,,,,0.841,0.89133111,2.893,2.70944262,17-1
C20464355,2019,,0.9005,0.88383333,,,,0.81646,0.86693111,3.15,2.89622045,17-1
C78476005,2019,,0.81899,0.75976666,,,,0.8059,0.79488555,2.571,2.47929454,17-1
C81877059,2019,,0.84762,0.94268666,,,,0.84063,0.87697888,3.158,2.91247559,17-1
C54584849,2019,,0.9666,0.98311666,,0.98571428,,0.9305,0.96648273,4.14,3.47075868,17-1
C45526730,2019,,0.88728,0.84506666,,,,0.844,0.85878222,3.235,3.03413463,17-1
C34773398,2019,,,,0.85227272,,0.90143564,0.929,0.89423612,3.563,3.32005048,17-1
C36016373,2019,,,,0.82232,,0.80621962,0.79201,0.80684987,2.971,2.72948122,17-1
C05173066,2019,,0.807345,0.83713333,,,,0.72424,0.78957277,2.637,2.89243555,17-1
C45067460,2019,,0.826,0.68766666,,,,0.823,0.77888888,2.665,2.5110693,17-1
C55064970,2019,,,,0.93977,,0.96888838,0.94894,0.95253279,3.727,3.21161866,17-1
C60379072,2019,,0.7935,0.76156333,,,,0.75741,0.77082444,2.577,2.55132842,17-1
C13011444,2019,,0.794,0.7825,,,,0.86058,0.81236,2.914,2.76657915,17-1
C56109594,2019,,0.958675,,,0.9795,,0.94722,0.96179833,3.653,2.9679451,17-1
C91691569,2019,,,,0.9835,,0.99549954,0.984,0.98766651,4.219,3.72781181,17-1
C42940223,2019,,,,0.926075,,0.95294779,0.963,0.94734093,3.932,3.4983387,17-1
C66625880,2019,,0.84825,0.87133333,,,,0.762,0.82719444,2.756,2.43769121,17-1
C79811546,2018,,,,,,,0.869,0.869,3.184,0,17-1
C41818667,2019,,0.86387,0.84794333,,,,0.69639,0.80273444,2.948,2.67380929,17-1
C95851323,2019,,0.86825,0.953,,,,0.85,0.89041666,3.091,2.74728751,17-1
C14689190,2019,,0.788645,0.8325,,,,0.71741,0.77951833,2.725,2.5093224,17-1
C69824072,2019,,,,0.94861,,0.91449144,0.925,0.92936714,3.563,3.02919769,17-1
C27792904,2019,,0.867035,0.77516666,,,,0.8,0.81406722,3.012,2.87203956,17-1
C72393413,2019,,0.8985,,,0.93975,,0.9435,0.92725,3.865,3.45456123,17-1
C09249589,2019,,,,0.91386,,0.92119261,0.93368,0.92291087,3.601,3.15355015,17-1
C71153615,2019,,,,0.970425,,0.97884788,0.994,0.98109096,4.226,3.76368165,17-1
C32460816,2018,,0.70075,0.784,,0.728,,0.7045,0.7293125,2.246,1.98360443,17-1
C15981160,2019,,0.974515,0.97033333,,0.9735,,0.9365,0.96371208,4.083,3.56069255,17-1
C50019543,2019,,0.756195,0.76233333,,,,0.758,0.75884277,2.43,2.49465632,17-1
C95272100,2019,,0.866715,0.87630666,,,,0.82155,0.85485722,3.156,2.78710556,17-1
C93996744,2019,,0.915715,,,0.9345,,0.87213,0.90744833,3.275,2.77691984,17-1
C25202543,2019,,0.817025,0.77416666,,,,0.71623,0.76914055,2.629,2.60665917,17-1
C08198580,2019,,,,0.939975,,0.98087308,0.956,0.95894936,4.055,3.56832719,17-1
C38878978,2019,,0.875,0.95133333,,,,0.88208,0.90280444,3.374,3.13541412,17-1
C13891509,2019,,0.70641,0.6561,,,,0.66051282,0.67434094,2.142,2.43329787,17-1
C86830115,2019,,0.760995,0.76652333,,,,0.704,0.74383944,2.644,2.59529996,17-1
C59880616,2019,,0.935,0.95488215,,,,0.925,0.93829405,3.534,2.97032499,17-1
C37022480,2018,0.9135,,0.929,,0.8976,,0.8837,0.90595,3.238,2.97366261,17-1
C32647452,2019,,0.863125,0.76646,,,,0.81319,0.81425833,2.669,2.57172799,17-1
C39489761,2019,,,,0.9574,,0.96368136,0.982,0.96769378,4.115,3.45336795,17-1
C42747320,2019,,0.89154,0.80226666,,,,0.8685,0.85410222,3.399,3.01040983,17-1
C41039451,2019,,0.87765,0.8386,,,,0.8023,0.83951666,3.221,2.86117363,17-1
C20528450,2019,,0.923995,0.92441541,,0.9075,,0.919,0.9187276,3.362,2.85909414,17-1
C38303077,2019,,,,0.93169,,0.95819081,0.96244,0.9507736,3.958,3.24773097,17-1
C83999540,2019,,0.756845,0.70635809,,,,0.727,0.73006769,1.65,1.61046374,17-1
C76757467,2019,,0.896015,0.9375,,,,0.87929,0.90426833,3.498,2.88133097,17-1
C31035529,2019,,0.8876,0.88633333,,,,0.81598,0.86330444,2.91,2.64216757,17-1
C50827016,2019,,0.655975,0.73837,,,,0.5475,0.69106518,1.634,1.85631132,17-1
C26432220,2019,,,,0.78116,,0.78772277,0.864,0.81096092,2.677,2.67557526,17-1
C23440955,2019,,,,0.93589,,0.96110357,0.916,0.93766452,3.775,3.29077601,17-1
C54729628,2019,,0.8225,0.80059,,,,0.762,0.79503,2.966,2.6901474,17-1
C91691860,2019,,0.91475,0.91623333,,,,0.83764,0.88954111,3.043,2.5199151,17-1
C24223394,2019,,0.8585,0.851,,,,0.8115,0.84033333,2.887,2.75161934,17-1
C48954204,2019,,0.86634,0.8215,,,,0.857,0.84828,2.997,2.82352233,17-1
C70806409,2019,,0.9,0.92522333,,,,0.64210526,0.82244286,3.867,0,17-1
C82703619,2019,,,,0.85175879,,0.8490954,0.91187,0.87090806,3.483,2.93115568,17-1
C51096958,2019,,0.887965,0.84936666,,,,0.851,0.86277722,3.443,3.23190308,17-1
C68041800,2018,,0.91675,0.76742333,,0.74185463,,0.8255,0.81288199,2.891,2.59008241,17-1
C08144310,2019,,0.77871,0.701,,,,0.77575,0.75182,2.565,2.54694319,17-1
C94592410,2019,,0.71925,0.8275,,,,0.72307,0.75660666,2.652,2.3752203,17-1
C48875226,2019,,,,0.832435,,0.87948694,0.89742,0.86978064,3.098,2.89310527,17-1
C06795632,2019,,0.882105,0.83290666,,,,0.845,0.85333722,2.91,2.76340365,17-1
C05322854,2019,,0.87228,0.85533333,,,,0.86555,0.86438777,3.044,2.76833773,17-1
C14418782,2019,,0.8451,0.79766666,,,,0.68039,0.79938666,2.512,2.34269428,17-1
C96487812,2019,,,,0.946585,,0.98145635,0.95917,0.96240378,3.923,3.49029517,17-1
C31460571,2018,,0.918875,0.96375,,0.93155,,0.86652,0.92017375,3.449,2.77857971,17-1
C09751477,2019,,0.767425,0.69928666,,,,0.63469387,0.71866388,2.34,2.15547061,17-1
C32870739,2019,,,,0.926125,,0.93924392,0.951,0.93878964,3.751,3.31856894,17-1
C60857540,2018,,0.832365,0.86997,,0.8003,,0.803,0.82640875,2.404,2.44372988,17-1
C62107808,2019,,0.740705,0.58753768,,,,0.62451,0.67897853,2.216,2.25934744,17-1
C21025906,2019,,0.93194,0.91516666,,,,0.87955,0.90888555,3.381,2.80873418,17-1
C64578469,2020,,,,,,,0.904,0.904,3.375,2.94578218,17-1
C96861743,2019,,,,0.882605,,0.89568856,0.8746,0.88429785,3.19,2.96026134,17-1
C03427868,2019,,,,0.80757575,,0.93330333,0.906,0.88229302,3.559,3.23923159,17-1
C86387817,2019,,0.865095,0.83966666,,,,0.84823,0.85099722,3.121,2.91749072,17-1
C96575542,2018,0.72,,0.714,,0.7278,,0.7095,0.717825,2.133,2.06989098,17-1
C44846616,2018,,0.851875,0.92739333,,0.9105,,0.8845,0.89356708,3.088,2.77554655,17-1
C49855732,2019,,0.8993,0.91948333,,,,0.913,0.91059444,3.623,3.2772193,17-1
C26030708,2019,,,,0.802625,,0.8310081,0.71618,0.78327103,2.729,2.8765831,17-1
C95380896,2019,,,,0.840755,,0.81860936,0.89141,0.85025812,3.376,2.90424371,17-1
C99272702,2019,,,,0.740935,,0.85443744,0.80735,0.80090748,2.447,2.42725372,17-1
C86215419,2019,,,,0.92705,,0.94895139,0.92241,0.93280379,3.722,3.24590802,17-1
C55123957,2019,,0.854,0.83974666,,,,0.82557,0.83977222,2.961,2.89149857,17-1
C87226897,2019,,,,0.887785,,0.91955445,0.9615,0.92294648,3.509,2.99666858,17-1
C47670845,2019,,0.840735,0.93516666,,,,0.8646,0.88016722,3.246,2.68319416,17-1
C46442962,2019,,0.907475,0.87928666,,,,0.93501,0.90725722,3.491,3.1288352,17-1
C48340737,2019,,0.861605,0.87227,,,,0.889,0.87429166,3.361,3.03160477,17-1
C04791841,2019,,,,0.983,,0.99257425,0.9787,0.98475808,4.123,3.50833726,17-1
X06759621,2017,,,,,,,0.88987,0.88987,3.257,0,17-1
C21476617,2019,,0.80309,0.82866666,,,,0.74984,0.79386555,2.676,2.60595512,17-1
C90601854,2019,,0.8925,0.9564,,,,0.8364,0.8951,3.353,2.91691685,17-1
C66483393,2019,,0.66855,0.71690666,,,,0.5665,0.66423916,0,0,17-1
C20378730,2019,,,,0.841385,,0.82672367,0.8678,0.84530289,2.994,2.62062931,17-1
C15237177,2019,,0.946,,,0.934,,0.8945,0.92483333,3.596,3.20989847,17-1
C22943105,2019,,0.919435,0.94953666,,,,0.911,0.92665722,3.303,2.89902472,17-1
C27036106,2019,,0.760335,0.6725,,,,0.74125,0.724695,2.019,2.08163118,17-1
C59577875,2019,,0.81565,0.73227,,,,0.72444,0.75745333,2.36,2.3306787,17-1
C98909040,2019,,,,0.92194,,0.93631863,0.89276,0.91700621,3.728,3.31115603,17-1
C46353253,2019,,0.827495,0.80333333,,,,0.8259,0.81890944,2.706,2.59110045,17-1
C45816055,2019,,0.68964646,0.62323333,,,,0.81952,0.73729112,2.77,2.66255736,17-1
C43174131,2019,,0.847135,0.77748666,,0.7445,,0.733,0.77553041,2.594,2.44718838,17-1
C82320520,2019,,,,0.83853,,0.89640864,0.87174,0.86889288,3.293,2.81393266,17-1
C08862498,2019,,,,0.96394,,0.97977272,0.93,0.95790424,3.778,3.1983943,17-1
C19201717,2019,,,,0.729315,,0.82089108,0.80983,0.78667869,2.535,2.43730092,17-1
C79404244,2019,,,,0.95165,,0.97363636,0.9702,0.96516212,4.052,3.40698862,17-1
C79670489,2019,,0.665,0.83393333,,,,0.74142,0.74678444,2.114,2.34456849,17-1
C40350299,2019,,,,0.83794,,0.85454095,0.93082,0.87443365,3.616,3.0816865,17-1
C17946783,2019,,0.88249,0.8,,0.86215,,0.76713,0.8279425,2.558,2.33077931,17-1
C13767592,2019,,,,0.89281,,0.91197119,0.95155,0.91877706,3.642,3.18688464,17-1
C56699500,2019,,0.8858,0.88036666,,,,0.825,0.86372222,3.198,2.7723763,17-1
C63097396,2019,,0.75574,0.712,,,,0.723,0.73024666,2.506,2.60539389,17-1
C91516336,2019,,,,0.96,,0.97187218,0.962,0.96462406,4.045,3.52282834,17-1
C00943842,2019,,0.92407,0.93047138,,0.9608,,0.944,0.93983534,3.652,3.15428162,17-1
C91223125,2019,,,,0.85938,,0.8650135,0.791,0.8384645,3.014,2.74775076,17-1
C19771203,2019,,0.8055,0.749,,,,0.73038,0.76162666,2.474,2.36516309,17-1
C84470886,2019,,0.92295,0.9084175,,0.836,,0.8152,0.87064187,3.205,2.97443199,17-1
C53295653,2019,,,,0.967475,,0.97862286,0.964,0.97003262,4.121,3.37339187,17-1
C20751003,2020,,0.9034,0.797,,,,0.66477142,0.78839047,2.943,2.23667383,17-1
C57708843,2018,,0.794,0.76233666,,0.8081,,0.7168,0.77030916,2.011,2.08855367,17-1
C98840700,2019,,0.8735,0.88216666,,,,0.76939,0.84168555,3.004,2.9622066,17-1
C52838505,2019,,,,0.887425,,0.91511701,0.932,0.911514,3.354,3.08075523,17-1
C04718599,2018,,,,,,,0.83061,0.83061,3.334,0,17-1
C25404847,2019,,,,0.91783919,,0.93277677,0.9275,0.92603865,3.877,3.42314982,17-1
C89020320,2019,,0.87671,0.84926666,,,,0.7778,0.83459222,3.017,2.74619961,17-1
C05326405,2019,,0.9318,0.92533333,,,,0.8216,0.89291111,3.344,3.16865325,17-1
C57759233,2019,,0.8831,0.943,,,,0.86307,0.89639,3.344,2.93176246,17-1
C63255305,2019,,,,0.87386934,,0.89828082,0.862,0.87805005,3.07,2.85589075,17-1
C57667461,2018,,0.70225,0.72619,,0.64098393,,0.70455,0.70216478,2.504,2.45804262,17-1
C02620039,2019,,0.94654,,,0.93375,,0.913,0.93109666,3.234,2.96952391,17-1
C30378198,2018,0.843,,0.80834333,,0.75493,,0.79814,0.80110333,2.552,2.6456356,17-1
C53621319,2019,,0.87218,0.87633333,,,,0.76762,0.83871111,2.996,2.68260884,17-1
C95501865,2019,,0.813065,0.908,,,,0.8268,0.84928833,3.051,2.74027538,17-1
C78898700,2019,,0.715795,0.7175,,,,0.71709,0.716795,2.177,1.98827147,17-1
C00722348,2018,0.9635,,0.95733333,,0.899,,0.822,0.91045833,3.194,2.64580965,17-1
C95402838,2019,,,,0.78016,,0.81742574,0.888,0.82852858,3.163,2.98693776,17-1
C05829198,2019,,0.8751,0.89283333,,0.79085,,0.84661,0.85134833,2.709,2.70984411,17-1
C06031484,2019,,0.903,,,0.90625,,0.8615,0.89025,3.558,2.99916267,17-1
C30227500,2019,,,,0.9405641,,0.9380918,0.85428,0.91097863,3.551,3.22596049,17-1
C54944666,2019,,0.73446177,0.66766666,,,,0.651,0.68437614,2.248,2.29011631,17-1
C02437162,2019,,0.71014,0.7115,,,,0.7101,0.71058,2.512,2.31928396,17-1
C15909340,2019,,0.9435,0.93956,,,,0.914,0.93235333,3.516,3.1167953,17-1
C81009379,2019,,0.855245,0.79183333,,,,0.80603,0.81770277,2.786,2.54978561,17-1
C20598649,2019,,0.8540404,0.82446333,,,,0.74951,0.80933791,3.029,0,17-1
C94753859,2019,,0.89856639,0.96383333,,0.9355,,0.9065,0.92609993,3.369,3.0506587,17-1
C18612038,2019,,,,0.858405,,0.86925742,0.904,0.8772208,3.577,3.30515957,17-1
C64011733,2019,,0.89205,0.90233333,,,,0.84716,0.88051444,3.163,2.91116023,17-1
C78723501,2019,,0.75232,0.66001333,,,,0.74,0.71744444,2.11,2.25939989,17-1
C53013812,2019,,,,0.98927,,0.97954545,1.00497,0.99126181,4.2,3.48118758,17-1
C93068237,2019,,,,0.91863,,0.92580791,0.964,0.93614597,3.672,3.25134134,17-1
C06682241,2019,,0.78539,0.75983333,,,,0.71493,0.75338444,0,0,17-1
C58723736,2019,,0.888995,0.86366666,,,,0.79602,0.84956055,3.108,2.73693299,17-1
C06105454,2019,,,,0.93957,,0.94190301,0.9223,0.934591,3.675,3.11654091,17-1
C09874328,2019,,0.61799,0.80133333,,0.69383,,0.677,0.70021266,2.234,2.1844666,17-1
C53790227,2019,,,,0.91185,,0.95959945,0.92942,0.93362315,3.527,3.11996269,17-1
C00341115,2018,,0.74075,0.53794306,,0.7931,,0.85,0.74799327,2.652,2.25087643,17-1
C98130812,2019,,0.861,0.81576666,,,,0.81707,0.83127888,2.984,2.89478612,17-1
C61201443,2019,,0.7622,0.80266666,,,,0.75827,0.77437888,2.431,2.13631487,17-1
C40447859,2018,,0.87998947,0.90323333,,0.9004,,,0.89454093,3.587,3.26754928,17-1
C71124148,2018,,0.8393617,0.89648333,,0.8652,,0.705,0.82651125,2.742,2.63845205,17-1
C64022125,2019,,0.8599,0.7765,,,,0.846,0.82746666,2.941,2.67806792,17-1
C98100980,2019,,,,0.89905,,0.93714671,0.9695,0.93523223,3.758,3.18675351,17-1
C81524447,2019,,0.82798,0.87933333,,,,0.8171,0.84147111,2.964,2.70595121,17-1
C03944221,2019,,0.826,0.83533333,,,,0.86041,0.84058111,3.323,3.21944189,17-1
C13736344,2017,0.8295,,0.66293333,,0.61643,,0.56555555,0.71404481,2.47,2.35374808,17-1
C71884544,2018,,0.86833157,0.91227272,,0.885,,0.8760606,0.88541622,3.084,2.73295546,17-1
C84944903,2018,0.837,,0.84433333,,0.74364,,0.77239,0.79934083,2.346,2.4138701,17-1
C58721697,2019,,,,0.91206,,0.92011701,0.8952,0.90912567,3.669,3.33342218,17-1
C23298718,2019,,0.85598,0.79343666,,,,0.8189,0.82277222,3.113,2.82973933,17-1
C91825576,2019,,0.79315789,,,0.8021,,0.77538461,0.79021416,2.61,2.31234193,17-1
C37154374,2019,,0.7812,0.72123339,,0.7395,,0.7215,0.74085834,1.993,1.82697439,17-1
C02314871,2019,,0.79296907,,,0.88785,,0.807,0.82927302,2.739,2.64868069,17-1
C92731693,2019,,0.797895,0.83083333,,,,0.71322,0.78064944,2.682,2.51848507,17-1
C26455688,2019,,,,0.93942065,,0.97268226,0.941,0.9510343,3.976,3.5265851,17-1
C66986299,2019,,0.678,0.70933333,,,,0.73877551,0.70870294,2.766,2.61919188,17-1
C73436486,2019,,0.86423,0.86233333,,,,0.69401,0.80685777,2.979,2.6429224,17-1
C06697625,2019,,,,0.90606,,0.94724572,0.92315,0.92548524,3.384,2.98200631,17-1
C42157801,2019,,0.80143589,0.7979,,,,0.81875,0.80602863,2.954,2.50937867,17-1
C51861262,2019,,0.9449,0.96668333,,,,0.92789,0.94649111,3.539,3.11067009,17-1
C88040606,2018,,0.78253968,0.76200666,,0.69165,,0.71875,0.74015726,2.199,1.99021983,17-1
C40721104,2019,,0.907285,0.90077666,,,,0.82,0.87602055,3.543,3.14295268,17-1
C94941125,2019,,0.81544,0.84296666,,,,0.755,0.80446888,0,0,17-1
C36261666,2019,,0.82502,0.80419666,,,,0.80031,0.80984222,2.991,2.89437342,17-1
C10648216,2019,,0.886925,0.92135333,,,,0.83016,0.87947944,3.285,2.89185739,17-1
C82786074,2019,,0.89235,0.85383333,,,,0.85353,0.86657111,3.292,2.83266306,17-1
C13398711,2019,,,,0.91242,,0.91921692,0.92096,0.9175323,3.663,3.4408102,17-1
C67384710,2020,,0.822225,0.8345,,,,0.7165,0.791075,2.628,2.58850431,17-1
C93114164,2019,,,,0.901645,,0.94464446,0.947,0.93109648,3.659,3.20659661,17-1
C26780883,2019,,0.953,0.96945,,0.9506,,0.88112,0.9385425,3.717,3.26815844,17-1
C69214495,2019,,0.772715,0.68760666,,,,0.724,0.72810722,2.483,2.47356057,17-1
C04096256,2019,,0.6635,0.72966666,,,,0.70858,0.70058222,2.094,2.22985482,17-1
C70782369,2019,,0.7963,0.85859333,,,,0.71596,0.79028444,2.842,2.68582463,17-1
C86541491,2019,,0.857855,0.8584,,,,0.83861,0.85162166,3.251,3.07897854,17-1
C01864318,2019,,,,0.9011,,0.85362736,0.85792,0.87088245,3.182,2.91664767,17-1
C37590978,2019,,0.828945,0.79175084,,,,0.839,0.81989861,2.866,2.59015346,17-1
C71739662,2019,,,,0.915185,,0.92363636,0.874,0.90427378,3.75,3.30229807,17-1
C29049913,2018,,0.7745,0.73212666,,0.64341,,0.805,0.75072733,2.209,2.0612936,17-1
C37728008,2019,,0.81856,0.86266666,,,,0.8519,0.84437555,3.044,3.07815003,17-1
C32677399,2019,,0.871495,0.9309,,,,0.878,0.893465,3.169,3.06173801,17-1
C39158551,2019,,0.9025,0.91349,,,,0.797,0.87099666,3.162,2.95943117,17-1
C77801182,2019,,,,0.902325,,0.91877587,0.89142,0.90417362,3.628,3.13585377,17-1
C29596164,2019,,0.6795,0.63438666,,,,0.7207,0.69019078,0,0,17-1
C73239812,2019,,0.9515,0.94066666,,,,0.922,0.93805555,3.969,3.60768628,17-1
C15832813,2019,,0.71767,0.72016666,,,,0.70962,0.71581888,2.59,2.70514107,17-1
C30639089,2019,,0.80971,0.84916666,,0.81197,,0.78936,0.81505166,2.522,2.56376338,17-1
C65878407,2019,,,,0.941675,,0.9590099,0.98226,0.96098163,3.901,3.32196379,17-1
C49193008,2019,,0.744605,0.7802,,,,0.733,0.75260166,2.212,2.38854146,17-1
C09819319,2019,,0.911,0.90133333,,,,0.843,0.88511111,3.422,3.03732824,17-1
C47346851,2019,,0.81227727,0.73883333,,,,0.81051,0.78720686,2.882,2.64454389,17-1
C63854369,2019,,0.873295,0.796,,,,0.768,0.81243166,2.901,2.77420855,17-1
C45157488,2019,,0.9665,0.92291666,,,,0.8967,0.92870555,3.659,3.30376863,17-1
C29261481,2019,,0.813185,0.86183333,,,,0.8766,0.85053944,2.915,2.66647005,17-1
C80242445,2019,,0.84249,0.94448333,,,,0.82755,0.87150777,3.084,2.96105599,17-1
C68072555,2019,,,,0.840285,,0.86351035,0.892,0.86526511,3.169,2.5808053,17-1
C08949117,2019,,0.88677,0.82583333,,,,0.76879,0.82713111,2.292,2.21898365,17-1
C78567053,2019,,,,0.90194,,0.92192169,0.90925,0.91103723,3.432,3.18495154,17-1
C01476287,2019,,0.84605,0.86083333,,,,0.83583,0.84757111,2.962,2.83010387,17-1
C54003426,2019,,0.828715,0.75816666,,,,0.8505,0.81246055,2.948,2.68703008,17-1
C81105272,2019,,0.9196,0.8721,,,,0.82523,0.87231,3.259,2.8954165,17-1
C52771989,2020,,0.71863,0.69583333,,,,0.66,0.69148777,1.531,1.97577059,17-1
C89053460,2019,,0.8836,0.85185666,,,,0.862,0.86581888,3.397,3.09271836,17-1
C28399344,2019,,0.754425,0.77104377,,,,0.78,0.76848959,2.558,2.29515719,17-1
C86142011,2019,,,,0.833925,,0.84788478,0.899,0.86026992,3.38,2.99993849,17-1
C28832569,2019,,0.82459,0.77366666,,,,0.81666,0.80497222,2.477,2.3138268,17-1
X59686417,2017,,,,,,,0.8415,0.8415,3.074,0,17-1
C06996641,2019,,0.86206,0.90983333,,,,0.79667,0.85618777,3.095,2.60168862,17-1
C43803869,2019,,,,0.83652,,0.83449144,0.88218,0.85106381,3.412,2.97918582,17-1
C76096191,2019,,0.7825,0.80833333,,,,0.58594285,0.72559206,2.474,0,17-1
C84385901,2018,,0.5658,0.739,,0.8038,,0.76039,0.718469,2.241,2.23599625,17-1
C32464391,2019,,0.843425,0.85516666,,,,0.7452,0.81459722,2.43,2.56322718,17-1
C87585891,2019,,0.9285,0.88033333,,,,0.86993,0.89292111,3.427,2.99387956,17-1
C11208357,2019,,0.79242,0.70516666,,,,0.67607,0.72455222,1.923,1.78697646,17-1
C18916482,2019,,0.870565,0.90328,,,,0.81252,0.86212166,3.161,2.80698895,17-1
C91491923,2019,,,,0.86321,,0.87511251,0.83829,0.85887083,2.906,2.7360096,17-1
C41915869,2019,,0.86725,0.944,,,,0.81387,0.87504,3.4,3.11435127,17-1
C37074689,2019,,0.77947,0.76149,,,,0.7045,0.74848666,2.425,2.29048777,17-1
C89872152,2019,,0.789925,0.83765,,,,0.73864,0.78873833,2.518,2.27201748,17-1
C16678212,2019,,0.903955,,,0.8915,,0.75577,0.85040833,2.575,2.47515154,17-1
C95532748,2019,,0.81715,0.89655,,,,0.8005,0.83806666,2.928,2.72615337,17-1
C05605264,2019,,0.821395,0.92311666,,,,0.86051,0.86834055,3.148,2.42785978,17-1
C85268908,2019,,0.8775,0.87166666,,,,0.854,0.86772222,3.291,2.79344344,17-1
C73018711,2019,,,,0.80698,,0.81261476,0.9505,0.85669825,2.956,2.74201751,17-1
C96176157,2019,,,,0.809365,,0.80279477,0.761,0.79105325,2.699,2.44086003,17-1
C72214400,2019,,,,0.91833,,0.86220072,0.891,0.89051024,3.517,3.12896752,17-1
C79704425,2019,,,,0.771205,,0.91069756,0.942,0.87463418,3.259,3.07338405,17-1
C61121405,2019,,0.934445,0.91331666,,,,0.93491,0.92755722,3.769,3.46131563,17-1
C01388526,2019,,,,0.94051282,,0.95634563,0.987,0.96128615,4.054,3.42969871,17-1
C94223820,2019,,0.8273,0.85458333,,,,0.78922,0.82370111,3.012,2.85974503,17-1
C09296907,2019,,0.785315,0.74583333,,,,0.8089,0.78001611,2.621,2.48649597,17-1
C39493031,2019,,,,0.91994,,0.94464446,0.93489,0.93315815,3.768,3.33327293,17-1
C02207073,2019,,,,0.9236,,0.92111161,0.93036,0.92502387,3.745,2.93915701,17-1
C36820275,2019,,0.84849,0.83300666,,,,0.80845,0.82998222,3.052,2.96709061,17-1
C64039347,2019,,0.72176,0.79126333,,,,0.75693,0.75665111,2.397,2.34136653,17-1
C87849797,2019,,,,0.90725,,0.89076507,0.9215,0.90650502,3.799,3.21725368,17-1
C55695344,2019,,,,0.83863,,0.89873987,0.83625,0.85787329,3.486,3.14332318,17-1
C41581347,2019,,,,0.929335,,0.96289828,0.89,0.92741109,3.557,3.08315587,17-1
C80707460,2019,,,,0.91334,,0.91392439,0.862,0.89642146,3.183,2.99804759,17-1
C71588771,2019,,0.959215,0.94866666,,0.9225,,0.9154,0.93644541,3.648,3.43132877,17-1
C64158349,2019,,0.7628,0.76864,,,,0.766,0.76581333,2.921,2.82787538,17-1
C87523029,2019,,0.95138,0.94184333,,,,0.85424,0.91582111,3.689,3.08060312,17-1
C02815047,2019,,,,0.95152,,0.95342034,0.9515,0.95214678,4.02,3.55746078,17-1
C15070152,2019,,,,0.95676,,0.9680468,0.991,0.9719356,4.077,3.33818746,17-1
C37275214,2019,,,,0.85514,,0.87046804,0.885,0.87020268,3.111,2.95888138,17-1
C28839494,2019,,0.8141,0.78233333,,,,0.79903,0.79848777,2.854,2.80918264,17-1
C34194698,2019,,,,0.9675,,0.9871099,0.972,0.97553663,4.173,3.71940565,17-1
C77789253,2019,,0.84439,,,0.9425,,0.848,0.87829666,3.068,2.40948677,17-1
C85583165,2019,,,,0.88070175,,0.90229522,0.9385,0.90716565,3.622,3.15208149,17-1
C06061173,2019,,0.956,,,0.952,,0.92558,0.94452666,3.669,3.12051201,17-1
C35434448,2018,,0.822,0.86790666,,0.86583,,0.768,0.83093416,2.791,2.32228565,17-1
C09770596,2019,,0.87011,0.83533333,,,,0.822,0.84248111,3.07,2.8698833,17-1
C98842341,2019,,0.86935,0.81533333,,,,0.81979,0.83482444,2.746,2.40865111,17-1
C56479740,2019,,0.822475,0.83066666,,,,0.66707,0.77340388,1.959,2.10243869,17-1
C66154486,2019,,,,0.89615,,0.88143114,0.86246,0.88001371,2.966,2.53086925,17-1
C22684801,2019,,0.79188,0.73197333,,,,0.71948,0.74777777,2.435,2.35987711,17-1
C01791824,2019,,,,0.88030303,,0.83345184,0.87289,0.86221495,2.952,2.43303251,17-1
C44485879,2019,,,,0.937025,,0.90063906,0.9035,0.91372135,3.69,3.10527182,17-1
C35192615,2019,,,,0.88241206,,0.93870837,0.933,0.91804014,3.277,2.80166602,17-1
C60026668,2019,,,,0.946615,,0.96156615,0.942,0.95006038,3.954,3.44190645,17-1
C53645335,2019,,,,0.90757575,,0.94076057,0.911,0.91977877,3.859,3.29641724,17-1
C85744782,2019,,0.908355,0.93067,,,,0.90803,0.915685,3.493,2.73186421,17-1
C59892911,2019,,0.91831,0.904,,,,0.85492,0.89241,3.249,3.13420129,17-1
C23080071,2019,,,,0.794125,,0.83281278,0.69555,0.77416259,2.549,2.38203454,17-1
C87419957,2019,,0.919,0.94816666,,,,0.892,0.91972222,3.516,3.19764495,17-1
C02766899,2019,,0.80411764,,,0.8393,,0.8637,0.83570588,2.812,2.70712042,17-1
C64569297,2019,,,,0.912735,,0.92214221,0.86457,0.89981573,3.387,3.14198399,17-1
C46490071,2018,,0.88175,0.93864888,,0.9528,,0.914,0.92179972,3.756,3.44327331,17-1
C30903935,2019,,,,0.916865,,0.90272727,0.927,0.91553075,3.816,3.32790971,17-1
C55986517,2020,,0.68445,0.44028956,,,,0.648,0.64442104,1.736,1.65314019,17-1
C67860921,2019,,0.85364,0.7547138,,,,0.76073,0.7896946,2.149,2.34989405,17-1
C98946848,2018,,,,,,,0.83396,0.83396,2.642,0,17-1
C58907922,2019,,,,0.89925,,0.89738973,0.9471,0.91457991,3.738,3.2860992,17-1
C04351116,2019,,0.72520304,0.70237666,,,,0.60075,0.70851099,1.619,1.61684644,17-1
C45718575,2019,,,,0.909725,,0.96566156,0.981,0.95212885,3.686,3.11428308,17-1
C26742350,2019,,0.9094,0.9176,,,,0.794,0.87366666,3.281,3.03172565,17-1
C06367948,2019,,0.885,0.92416666,,,,0.855,0.88805555,3.383,3.21828151,17-1
C13651887,2019,,,,0.864325,,0.9210036,0.98125,0.92219286,3.673,3.34952974,17-1
C00423115,2019,,0.9121,,,0.951,,0.88725,0.91678333,3.515,3.1651082,17-1
C90837210,2019,,0.85101,0.83583333,,,,0.853,0.84661444,3.073,2.69091916,17-1
C42883738,2019,,0.68496,0.63766666,,,,0.789,0.70665666,2.235,2.345047,17-1
C57328046,2019,,,,0.90753768,,0.90747974,0.939,0.9180058,3.824,3.35048842,17-1
C05892562,2019,,,,0.90182,,0.93554327,0.8816,0.90632109,3.68,3.01616454,17-1
C73818926,2019,,,,0.876605,,0.95729972,0.91974,0.91788157,3.672,3.2223556,17-1
C15711757,2019,,0.7545,0.8005,,,,0.72,0.75833333,2.61,2.57892418,17-1
C78676785,2018,,0.9565,0.94134333,,0.90414156,,0.8696,0.91789622,3.373,3.21842551,17-1
C37726394,2019,,0.75307,0.70926666,,,,0.70229,0.72154222,2.278,2.47739577,17-1
C17179951,2019,,,,0.891015,,0.91426642,0.92058,0.90862047,3.378,2.99806571,17-1
C81866434,2019,,,,0.928265,,0.91899189,0.84438775,0.89721488,3.36,2.9151907,17-1
C96500899,2019,,0.869835,0.8115,,,,0.82,0.83377833,3.049,2.80805349,17-1
C25564599,2019,,0.96105,0.95921943,,,,0.93,0.95008981,3.894,3.41992855,17-1
C99046307,2019,,,,0.947275,,0.92971647,0.9165,0.93116382,3.945,3.58150411,17-1
C50181293,2019,,0.89906,0.90076,,,,0.78,0.85994,3.215,2.98420405,17-1
C32836763,2018,,0.8,0.83999666,,0.82102,,0.7994,0.81510416,3.136,2.98383379,17-1
C96423245,2019,,0.890065,0.75563,,,,0.809,0.81823166,2.823,2.50265527,17-1
C02912410,2018,,0.69724,0.70866666,,0.6842,,0.636,0.69902133,2.22,2.38750696,17-1
C97710602,2019,,0.796655,0.812,,,,0.768,0.79221833,2.89,2.56700349,17-1
C02199402,2019,,,,0.8103,,0.69754725,0.78423,0.76402575,2.89,2.85930204,17-1
C72647402,2019,,0.888555,0.91431333,,0.84205,,0.81207,0.86424708,3.068,2.97103,17-1
C88492333,2019,,0.765615,0.83466666,,,,0.793,0.79776055,2.362,2.35143614,17-1
C10838341,2019,,0.901905,0.86633333,,0.84315,,0.82074,0.85803208,3.228,3.0939281,17-1
C87927985,2019,,,,0.80431,,0.84214671,0.7655,0.80398557,2.667,2.60197949,17-1
C19573231,2019,,,,0.951835,,0.92920792,0.927,0.9360143,3.749,3.23099637,17-1
C32656241,2019,,,,0.95911,,0.97704545,0.96808,0.96807848,3.975,3.30252266,17-1
C36024634,2019,,0.87091,0.71504051,,,,0.7595,0.78181683,2.584,2.35929894,17-1
C69873840,2019,,,,0.93358,,0.93223672,0.96517,0.94366224,3.587,3.26472831,17-1
C49276703,2019,,,,0.838975,,0.92887938,0.88002,0.88262479,3.047,2.70480824,17-1
C89473099,2019,,,,0.893515,,0.91441044,0.95,0.91930848,3.573,3.10820818,17-1
C38603402,2019,,,,0.83328,,0.90139063,0.97398,0.90288354,3.601,3.29210734,17-1
C67051028,2017,0.867,,0.9182,,0.80097,,0.79405,0.845055,2.92,2.77204776,17-1
C55691503,2019,,,,0.904,,0.94776119,0.9085,0.92008706,3.716,3.05827165,17-1
C22927475,2019,,,,0.706015,0.8776,,0.71615,0.76658833,2.498,2.50623202,17-1
C06144677,2019,,0.9047,0.90939,,,,0.87226,0.89545,3.367,2.88835001,17-1
C00128262,2019,,,,0.85326,,,0.97013,0.911695,3.544,2.93026543,17-1
C62693583,2019,,0.860735,0.84662,,,,0.757,0.82145166,2.539,2.50394011,17-1
C83889555,2019,,0.7553,0.7875,,,,0.81496,0.78592,2.873,2.60743141,17-1
C06769786,2019,,,,0.968815,,0.97929792,0.988,0.9787043,4.212,3.54028487,17-1
C20975828,2019,,,,0.958195,,0.92911791,0.93,0.9391043,3.728,3.23122692,17-1
C18267312,2019,,0.887995,0.85553333,,0.84514,,0.813,0.85041708,2.733,2.65367389,17-1
C85798942,2019,,0.83242,0.79236333,,,,0.80376,0.80951444,2.782,2.56150889,17-1
C25844044,2019,,0.94846,,,0.938,,0.82959,0.90535,3.689,3.10225105,17-1
C89258249,2019,,,,0.83262,,0.86556169,0.83556,0.84458056,2.959,2.8142035,17-1
C93995835,2018,,0.923,0.88633333,,0.92233,,0.90197,0.90840833,3.365,2.84686017,17-1
C17254527,2018,,,,,,,0.96938,0.96938,4.154,0,17-1
C70066562,2018,0.827,,0.83133333,,0.71585,,0.7325,0.77667083,2.48,2.50487041,17-1
C45835981,2018,,0.76025,0.75322033,,0.7185,,0.7315,0.76029406,2.657,2.51856613,17-1
C85658390,2019,,0.94695,,,0.948,,0.87798,0.92431,3.383,3.01199555,17-1
C78970802,2019,,0.724,0.71884,,,,0.752,0.73161333,2.659,2.72246075,17-1
C85751211,2019,,0.839465,0.79,,,,0.79112,0.80686166,2.712,2.80672789,17-1
C89173753,2019,,,,0.9811,,0.99818181,0.985,0.98809393,4.052,3.34558511,17-1
C55865505,2019,,0.879165,0.89933333,,,,0.82957,0.86935611,2.82,2.50536442,17-1
C27701391,2019,,,,0.94525,,0.9340684,0.993,0.95743946,3.977,3.52494264,17-1
C38085614,2019,,0.901395,0.822,,,,0.739,0.82079833,2.863,2.76104593,17-1
C28537703,2018,,,,,,,0.88469387,0.88469387,3.184,0,17-1
C83421767,2019,,,,0.89858,,0.92669666,0.961,0.92875888,3.835,3.23443747,17-1
C89298307,2019,,0.83139,0.86683333,,0.8985,,0.82272,0.85486083,2.644,2.63555074,17-1
C81253583,2018,,0.9405,0.95742666,,0.888065,,0.912,0.92449791,3.316,2.74203014,17-1
C18109577,2019,,,,0.761635,,0.87857335,0.843,0.82773611,3.322,2.95824432,17-1
C68398938,2018,,,,,,,0.83733,0.83733,3.071,0,17-1
C63816525,2019,,,,0.96944,,0.98379837,0.988,0.98041279,4.209,3.70444107,17-1
C50152823,2019,,0.862,0.85099,,,,0.818,0.84366333,2.8,2.51072741,17-1
C28879187,2019,,0.874735,0.86241666,,,,0.81136,0.84950388,0,0,17-1
C73170288,2019,,,,0.90832,,0.93870387,0.919,0.92200795,3.604,3.10849476,17-1
C83052074,2019,,,,0.87049,,0.91336633,0.96776,0.91720544,3.443,3.23195577,17-1
C00307407,2019,,0.879815,0.93116666,,,,0.8925,0.90116055,3.331,3.0495882,17-1
C93906528,2019,,,,0.75021,,0.89894239,0.88989,0.84634746,3.069,2.73438048,17-1
C00241721,2019,,,,0.84617,,0.84145364,0.82251,0.83671121,3.196,3.12006855,17-1
C21043345,2018,,,,,,,0.87544,0.87544,3.032,0,17-1
C90073378,2019,,,,0.89215,,0.91250225,0.8837,0.89611741,3.513,3.19243765,17-1
C87995939,2018,,0.917,0.94202666,,0.93568527,,0.89,0.92117798,3.892,3.26281452,17-1
C75993115,2019,,0.9169,0.87216666,,,,0.76635,0.85180555,3.137,2.94385839,17-1
C20046910,2019,,0.889075,0.87657666,,,,0.79519191,0.85361452,3.177,2.89241028,17-1
C33382148,2019,,,,0.83939393,,0.87132313,0.9239,0.87820568,3.328,2.91200805,17-1
C43298031,2019,,,,0.9029624,,0.9040864,0.9526,0.91988293,3.602,3.31771278,17-1
C27987882,2019,,0.89558,0.90816666,,,,0.902,0.90191555,3.467,3.15457487,17-1
C52594345,2019,,,,0.9589,,0.98334833,0.988,0.97674944,4.182,3.6135416,17-1
C82004599,2018,,0.79596774,0.77967676,,0.83475,,0.83948,0.81246862,3.231,3.17168784,17-1
C66947553,2019,,,,0.86623,,0.93778577,0.8983,0.90077192,3.595,3.14487696,17-1
C20762660,2019,,0.832685,0.92845117,,,,0.936,0.89904539,3.59,3.13893294,17-1
C71325660,2019,,,,0.96561,,0.95589558,0.955,0.95883519,4.062,3.2180531,17-1
C22847880,2019,,0.86450761,0.935,,,,0.9095,0.90300253,3.684,3.1992836,17-1
C08435214,2019,,,,0.88812,,0.93718721,0.9116,0.9123024,3.342,2.87683606,17-1
C79799948,2018,,0.66,0.65673333,,0.6962,,0.75595,0.71467666,2.203,2.21593475,17-1
C74933857,2019,,0.891855,0.93699,,0.9015,,0.89809,0.90710875,3.258,3.01878166,17-1
C27216671,2019,,,,0.80395,,0.85583258,0.77847,0.81275086,3.126,2.77964973,17-1
C59549091,2020,,0.7006,0.6834,,,,0.62681,0.6960325,0,0,17-1
C74055692,2019,,0.933,,,0.9079,,0.902,0.9143,3.263,3.04252601,17-1
C09540689,2019,,0.9451,,,0.9155,,0.963,0.9412,3.713,3.18314695,17-1
C57499315,2019,,,,0.92798,,0.90595409,0.927,0.92031136,3.304,2.66422296,17-1
C18911273,2019,,0.80071,0.70683333,,,,0.53494,0.68082777,1.605,2.22943044,17-1
C07261729,2018,0.74411764,,0.82783333,,0.6935,,0.7295,0.74873774,2.343,2.53250551,17-1
C75016171,2019,,,,0.95352,,0.96570657,0.96825,0.96249219,3.929,3.20772505,17-1
C16526970,2019,,,,0.88378,,0.92243924,0.86586,0.89069308,3.507,3.10957837,17-1
C00683121,2019,,,,0.897875,,0.86836183,0.9515,0.90591227,3.736,3.1912179,17-1
C06302054,2019,,,,0.926375,,0.96450945,0.973,0.95462815,3.76,3.2529099,17-1
C02686245,2019,,,,0.92916,,0.9360936,0.96125,0.94216786,3.876,3.19443011,17-1
C28171066,2019,,0.84492,0.93173333,,,,0.821,0.86588444,2.934,2.85654855,17-1
C82122017,2019,,,,0.95445,,0.96367236,0.9694,0.96250745,3.887,3.34356236,17-1
C91562879,2019,,0.819075,0.78066,,,,0.75342,0.784385,3.103,2.95639443,17-1
C40041671,2019,,,,0.929305,,0.96692169,0.89423,0.93015223,3.965,3.42470551,17-1
C57886431,2019,,0.9265,0.978,,,,0.94,0.94816666,3.657,2.99499631,17-1
C41110714,2019,,0.906955,0.94616666,,,,0.943,0.93204055,3.536,2.98838449,17-1
C01343525,2019,,0.786,0.70418666,,0.7208,,0.557,0.65390333,1.693,1.8060813,17-1
C63259777,2019,,0.895,0.95093,,,,0.92213,0.92268666,3.034,2.93535829,17-1
C84313465,2019,,0.91109,0.93066666,,,,0.8047,0.88215222,3.46,2.9566083,17-1
C19420716,2019,,,,0.90921,,0.91821782,0.967,0.93147594,3.887,3.33441877,17-1
C40000181,2019,,0.841,0.80266666,,,,0.83637,0.82667888,3.309,3.20289159,17-1
C02900281,2019,,,,0.779245,,0.81535103,0.81742,0.80400534,2.805,2.78024578,17-1
C60386080,2019,,0.853195,0.87916666,,,,0.76818,0.83351388,2.53,2.24870896,17-1
C56236745,2019,,,,0.902715,,0.93113411,0.9415,0.92511637,3.647,3.1485579,17-1
C35688680,2019,,,,0.869895,,0.82326732,0.848,0.8470541,3.153,2.89795661,17-1
C78218843,2019,,0.9535,,,0.9575,,0.82046,0.91048666,3.532,3.25601053,17-1
C13863540,2019,,,,0.811675,,0.790054,0.791,0.79757633,3.042,2.96592402,17-1
C08988050,2019,,,,0.958495,,0.96062106,0.935,0.95137202,3.965,3.58206415,17-1
C88524604,2019,,0.74573,0.69063333,,,,0.791,0.74245444,2.903,2.93277884,17-1
C74992486,2019,,0.931,0.91193333,,,,0.8583,0.90041111,3.108,3.03295374,17-1
C05719819,2019,,0.824795,0.83133333,,,,0.7245,0.79354277,2.534,2.3743453,17-1
C12157688,2019,,,,0.92275,,0.92438793,0.887,0.91137931,3.768,3.2847023,17-1
C63681629,2019,,0.8185,0.89542372,,,,0.816,0.8433079,2.79,2.60478568,17-1
C63567122,2019,,,,0.9569,,0.990099,0.979,0.975333,4.183,3.68530655,17-1
C91152608,2019,,,,0.77219,,0.7940819,0.82,0.79542396,2.718,2.75477171,17-1
C68265712,2019,,,,0.94655,,0.98447344,0.973,0.96800781,3.912,3.14728403,17-1
C88303310,2019,,0.7382,,,0.79895,,0.6873,0.74148333,2.527,2.55588722,17-1
C28248264,2019,,0.9214,0.83,,0.8541,,0.74619,0.8379225,2.863,2.70797062,17-1
C90087707,2019,,,,0.93889,,0.90375787,0.935,0.92588262,3.753,3.27352595,17-1
C45630352,2019,,0.82112626,,,0.8032,,0.75916,0.79449542,2.292,2.48679686,17-1
C23916115,2019,,0.89534,0.85708333,,,,0.84048,0.86430111,3.121,2.90631533,17-1
C70429815,2019,,,,0.923695,,0.92236723,0.964,0.93668741,3.685,3.24622393,17-1
C33044765,2019,,,,0.912,,0.97274527,0.993,0.95924842,3.785,3.2971077,17-1
C22481012,2019,,,,0.923475,,0.9380513,0.94,0.9338421,3.618,3.10220718,17-1
C86707196,2019,,,,0.87282,,0.87710514,0.95674,0.90222171,3.28,3.07936239,17-1
C69969879,2019,,0.84336,0.87077333,,,,0.84858,0.85423777,2.987,2.69525242,17-1
C68708416,2018,,0.62058793,0.70133333,,0.69925,,0.69081,0.69914702,0,0,17-1
C40626402,2019,,,,0.87727272,,0.94246174,0.979,0.93291148,3.686,3.23236132,17-1
C56707794,2019,,0.849,0.84896333,,,,0.83997,0.84597777,2.827,2.46241856,17-1
C21444895,2019,,0.74617587,0.80500333,,,,0.657,0.73605973,2.322,2.08175159,17-1
C19879378,2019,,0.93696,,,0.934,,0.916,0.92898666,3.544,3.01165724,17-1
C51797412,2019,,0.85318,0.79568666,,,,0.81828,0.82238222,2.661,2.31804109,17-1
C68785779,2019,,,,0.813195,,0.80580108,0.85923,0.82607536,2.983,3.0077939,17-1
C58650402,2019,,0.89829,0.8835,,0.909,,0.865,0.8889475,3.238,2.9260006,17-1
C51471702,2019,,,,0.89089,,0.8460126,0.931,0.88930086,3.398,2.97635937,17-1
C62262749,2019,,,,0.92897,,0.90522052,0.8803,0.90483017,3.369,3.05246663,17-1
C87583009,2019,,0.79237,0.79295,,,,0.78527,0.79019666,2.228,2.17532992,17-1
C17628698,2019,,,,0.90626,,0.93294329,0.9035,0.91423443,3.921,3.32404971,17-1
C85370136,2019,,,,0.876,,0.9020702,0.8965,0.8915234,3.337,3.01225519,17-1
C39445897,2019,,0.8902,0.88950333,,,,0.85778787,0.87916373,3.196,2.92693925,17-1
C43956769,2019,,,,0.87398,,0.89790279,0.91,0.89396093,3.608,3.36015964,17-1
C62293160,2019,,0.734775,0.75295333,,,,0.727,0.73824277,2.075,2.32194233,17-1
C66517110,2019,,,,0.94103,,0.90660334,0.962,0.93654444,4.007,3.52798104,17-1
C23252544,2018,,0.60172,0.77266666,,0.69025,,0.7105,0.71023633,2.294,1.93570542,17-1
C86882780,2019,,,,0.967515,,0.93344734,0.944,0.94832078,3.973,3.36729622,17-1
C31049343,2019,,,,0.865305,,0.90832583,0.87765,0.88376027,3.253,3.087955,17-1
C62100482,2019,,0.970085,,,,0.90976597,0.9005,0.92678365,3.566,2.87622166,17-1
C60490953,2019,,,,0.9619,,0.96327632,0.957,0.96072544,3.907,3.39304638,17-1
C57985562,2019,,0.882,0.85816666,,,,0.78715,0.84243888,3.138,2.99901676,17-1
C14023755,2019,,0.877485,0.9162,,,,0.89452,0.89606833,3.612,3.12174821,17-1
C91951371,2019,,,,0.93168,,0.8950945,0.8695,0.89875816,3.354,2.8986392,17-1
C97726442,2019,,0.70929,0.71833333,,,,0.70659,0.71140444,2.578,2.56070399,17-1
C84308509,2019,,,,0.92887692,,0.96585255,0.969,0.95457649,4.015,3.51242733,17-1
C69287759,2019,,0.860985,0.92066666,,,,0.88403,0.88856055,3.446,3.0853107,17-1
C22645395,2018,,0.6165,0.76316666,,0.6833,,0.69122,0.70438733,2.028,2.0165112,17-1
C93330051,2019,,,,0.875945,,0.9560801,0.938,0.9233417,3.226,2.86388826,17-1
C46604627,2019,,0.977885,,,0.97125,,0.92,0.95637833,3.702,3.21446109,17-1
C07731089,2019,,,,0.819845,,0.8080693,0.88214,0.83668476,3.124,2.74331212,17-1
C95985152,2020,,0.745,0.8236,,,,0.727,0.7652,2.53,2.49990368,17-1
C81542068,2019,,0.8345,0.81721273,,,,0.81122,0.82097757,2.718,2.27400875,17-1
C68153642,2018,,0.914,0.97003,,0.9143,,0.82620512,0.90613378,3.512,3.18957472,17-1
C82261142,2019,,0.789435,0.76133333,,,,0.78677,0.77917944,2.932,2.67139554,17-1
C20964380,2019,,,,0.87363,,0.87466246,0.84519,0.86449415,3.227,2.82591748,17-1
C87601810,2019,,,,0.96477,,0.97524302,0.95125,0.96375434,3.813,3.23739457,17-1
C52047302,2019,,,,0.73841,0.84795,,0.88349,0.82328333,3.02,2.46454334,17-1
C20388819,2019,,,,0.83285,,0.91918991,0.87558,0.8758733,3.3,2.9396615,17-1
C30397920,2019,,0.92748,0.96283333,,0.8634,,0.917,0.91767833,3.463,3.00775504,17-1
C56641680,2019,,,,0.937225,,0.96278127,0.956,0.95200209,3.907,3.15654206,17-1
C59235738,2019,,0.73501326,0.75649122,,0.64675,,0.757,0.74725689,2.283,2.28125906,17-1
C34399352,2019,,,,0.9751282,,0.98019801,0.987,0.9807754,4.158,3.6513505,17-1
C43369048,2019,,0.874655,0.81004333,,,,0.79916,0.82795277,3.016,2.86833858,17-1
C48317219,2019,,0.90796,0.95185185,,0.9475,,0.9039,0.92780296,3.453,2.98762274,17-2
C69540228,2019,,0.9475,0.92256666,,0.97285714,,0.91001,0.93823345,3.19,2.87090087,17-2
C00153923,2019,,0.761705,0.76708333,,,,0.7724,0.76706277,2.5,2.40121579,17-2
C09452983,2019,,0.854745,0.79266666,,0.9013,,0.8506,0.84982791,2.974,2.55154347,17-2
C13091483,2019,,0.892,0.97626666,,0.9355,,0.91516,0.92973166,3.573,3.06381798,17-2
C58974683,2018,,0.84525,0.84698666,,0.807,,0.9052,0.85110916,2.856,2.78523088,17-2
C39377298,2019,,0.880765,0.86115,,0.9295,,0.875,0.88660375,3.062,3.06125116,17-2
C07462155,2019,,0.9315,0.95726666,,0.9613,,0.9305,0.94514166,3.811,3.19350863,17-2
C36250200,2019,,0.902645,0.88033333,,0.9266,,0.88343,0.89825208,3.373,3.07390165,17-2
C67582363,2019,,0.837995,0.86833333,,,,0.83525,0.84719277,3.025,2.95102811,17-2
C43151744,2019,,0.85454545,0.89732,,,,0.81046,0.85410848,3.249,2.88228607,17-2
C34293474,2019,,0.880825,0.83,,0.8585,,0.7255,0.82370625,2.655,2.59133339,17-2
C96757805,2019,,0.813575,0.9465,,0.8327,,0.83501,0.85694625,2.769,2.45881033,17-2
C59175699,2019,0.835,0.74925,0.78485,,,,0.72624,0.773835,2.102,2.30870104,17-2
C04054720,2019,,0.80113,0.77725,,,,0.73145,0.76994333,2.782,2.62554646,17-2
C50171698,2019,0.88595,0.85186,0.8395,,,,0.823,0.8500775,2.922,2.68549943,17-2
C56150183,2019,,0.74157,0.77933333,,0.7586,,0.48028,0.71783666,2.033,2.07746267,17-2
C42859590,2020,,,,0.99236666,,,0.956,0.97418333,3.727,3.30371761,17-2
C54897566,2019,,0.85601,0.88233333,,0.8114,,0.81798,0.84193083,2.568,2.32500553,17-2
C00671226,2019,,0.9284,0.97165333,,0.956,,0.93021,0.94656583,3.661,3.12037754,17-2
C40465914,2019,,0.881275,0.85556666,,0.8188,,0.7655,0.83028541,2.794,2.66770577,17-2
C91612161,2019,,0.75857435,0.64709333,,,,0.69003,0.69856589,2.118,2.17284203,17-2
C94823346,2019,,0.80625,0.87333333,,0.8813,,0.78686,0.83693583,2.714,2.60490727,17-2
C67579765,2019,,0.85548,0.79186666,,,,0.7909,0.81274888,2.794,2.4158206,17-2
C52497536,2019,,0.8897,0.94911666,,0.9205,,0.975,0.93357916,3.462,3.00382328,17-2
C02662536,2019,,0.9776,0.96074333,,,,0.8527,0.93034777,3.468,2.96173954,17-2
C75443646,2019,,0.7372,0.74266666,,0.68325,,0.73776,0.72521916,2.114,2.19230914,17-2
C69103676,2019,,0.6915,0.66086666,,,,0.6758,0.67605555,2.129,2.37322736,17-2
C97051114,2019,,0.576115,0.75625,,,,0.7011,0.70356125,2.117,2.29099655,17-2
C88792208,2019,,0.55407,0.6861,,,,0.7895,0.67331125,2.323,2.36450458,17-2
C25003015,2019,,0.923745,0.84629333,,,,0.82742,0.86581944,3.317,3.05419707,17-2
C22582945,2018,0.8435,,0.77233333,,0.74135,,0.69371,0.76272333,2.229,2.21374202,17-2
C10216111,2019,,0.78015,0.88783333,,0.878,,0.84875,0.84868333,2.853,2.69410276,17-2
C54495783,2018,,0.71131578,0.731,,0.65541164,,0.81173,0.74103148,2.575,2.28142977,17-2
C44928857,2019,,0.8955,0.94483333,,,,0.87825,0.90619444,3.146,2.89414978,17-2
C83295985,2019,,0.83117,0.84303333,,0.8562,,0.81451,0.83622833,2.675,2.40919638,17-2
C00139238,2020,,,,,,,0.88303,0.88303,3.198,3.03523636,17-2
C80630396,2019,,0.85995,0.85922,,0.746,,0.739,0.8010425,2.481,2.45245838,17-2
C68823216,2019,,0.705775,0.68518,,,,0.6019,0.664285,1.739,1.89050579,17-2
C23293146,2019,,0.822585,0.84709666,,0.7717,,0.75901,0.80009791,2.494,2.66517639,17-2
C70696048,2019,,,,0.860385,,0.81953195,0.86828,0.84939898,3.026,2.91167212,17-2
C61822736,2019,,0.952495,0.9793,,,,0.967,0.966265,3.757,3.34283257,17-2
C00640834,2019,,0.696815,0.6085,,,,0.74631,0.70474448,2.005,2.16516638,17-2
C24087551,2019,,0.93835,0.92933333,,0.873,,0.8724,0.90327083,3.33,2.73492074,17-2
C96713863,2020,,,,0.96596666,,,0.969,0.96748333,3.688,3.10801721,17-2
C67974911,2019,,0.94343,0.97916666,,0.941,,0.87402,0.93440416,3.502,3.00953197,17-2
C24363961,2019,,0.814705,0.81264333,,0.8615,,0.7642,0.81326208,2.526,2.60019112,17-2
C87641360,2019,,0.814,0.85431666,,0.843,,0.87403,0.84633666,2.935,2.97948599,17-2
C53958482,2019,,0.765435,0.80583333,,,,0.85636,0.80920944,2.581,2.59397221,17-2
C50827016,2019,,0.655975,0.73837,,,,0.5475,0.69106518,1.634,1.85631132,17-2
C64775833,2019,,0.7573,0.7445,,,,0.76825,0.75668333,2.939,2.66429949,17-2
C25119986,2019,,0.838125,0.7,,0.7834,,0.76053,0.77051375,2.349,2.38034225,17-2
C53969397,2019,0.8715,0.841325,0.8045,,,,0.7705,0.82195625,2.843,3.03217816,17-2
C45786293,2019,,0.650475,0.68,,,,0.633,0.65449166,1.834,2.02309656,17-2
C03875778,2019,,0.919525,0.94575,,0.918,,0.9027,0.92149375,3.43,3.11379123,17-2
C96062082,2019,,0.80261,0.81066666,,0.77,,0.74957,0.78321166,2.789,2.62203193,17-2
C06375748,2019,,0.842795,0.79766666,,0.865,,0.8149,0.83009041,2.816,2.75354648,17-2
C96858699,2019,,0.8256,0.82340333,,0.9065,,0.8194,0.84372583,2.872,2.65510654,17-2
C59466806,2019,,0.84756,0.7646,,0.88815,,0.83967,0.834995,2.775,2.80689359,17-2
C36050230,2019,,0.71615,0.74683333,,0.82332,,0.769,0.76382583,2.349,2.44977546,17-2
C32331351,2019,,0.95792,0.93533333,,0.9605,,0.905,0.93968833,3.384,2.93777061,17-2
C29279398,2019,,0.89906,0.87978666,,0.87005,,0.80266,0.86288916,3.108,2.75715923,17-2
C09751477,2019,,0.767425,0.69928666,,,,0.63469387,0.71866388,2.34,2.15547061,17-2
C54820032,2019,,0.90895,0.88783333,,,,0.85482,0.88386777,3.71,3.11092401,17-2
C91790469,2019,,0.9215,0.952,,0.9027,,0.86723,0.9108575,3.073,2.51355815,17-2
C28385507,2019,0.8705,0.76189,0.7711,,,,0.71875,0.78056,2.615,2.86134648,17-2
C62107808,2019,,0.740705,0.58753768,,,,0.62451,0.67897853,2.216,2.25934744,17-2
C88831381,2019,,0.9245,0.90016666,,,,0.9,0.90822222,3.504,3.18042684,17-2
C65139008,2019,,0.9375,0.924,,,,0.93,0.9305,3.498,2.99992895,17-2
C92460147,2018,,0.82675,0.86633333,,0.84005,,0.8114,0.83613333,2.91,2.64480901,17-2
C15887270,2019,,0.93795,0.95895,,0.951,,0.938,0.946475,3.614,3.28348041,17-2
C75918755,2019,,0.8237,0.74641666,,0.7959,,0.75436,0.78009416,2.46,2.53507566,17-2
C15442938,2019,,0.873315,0.824,,0.7921,,0.7556,0.81125375,2.337,2.31943154,17-2
C27934640,2019,,0.93725,0.95083333,,,,0.93125,0.93977777,3.827,3.39050293,17-2
C01743461,2019,,0.898,0.9085,,,,0.86349,0.88999666,3.056,2.8534143,17-2
C52313956,2019,,0.78475,0.83783333,,0.8775,,0.85189,0.83799333,2.736,2.64040208,17-2
C71679724,2019,,0.9135,0.90036666,,0.86832,,0.84464,0.88170666,3.074,2.7394464,17-2
C66483393,2019,,0.66855,0.71690666,,,,0.5665,0.66423916,2.11,2.1837306,17-2
C35321931,2019,,0.9455,0.93466666,,0.9328,,0.912,0.93124166,3.619,3.23930311,17-2
C04257946,2019,,0.867005,0.85790333,,,,0.82502,0.84997611,3.255,2.98191142,17-2
C24883503,2019,,0.82544,0.88724489,,0.8865,,0.87494,0.86853122,3.184,2.90918732,17-2
C82495950,2019,,0.90635,0.968,,0.9133,,0.9068,0.9236125,3.54,3.069139,17-2
C06802613,2019,,0.70117,0.78176666,,0.8465,,0.70683,0.75906666,2.141,2.02647972,17-2
C02780509,2019,,0.801335,0.69666666,,,,0.727,0.74166722,2.202,2.20612526,17-2
C72803444,2019,,0.9315,0.96828666,,,,0.9255,0.94176222,3.609,3.1144588,17-2
C51140692,2019,,0.908435,0.9235,,0.9071,,0.921,0.91500875,3.596,3.37116981,17-2
C28665723,2019,,0.828475,0.86133333,,,,0.80075,0.83018611,3.138,2.69410062,17-2
C88917356,2019,,0.850305,0.734,,,,0.7072,0.763835,2.595,2.72221112,17-2
C44674806,2019,,0.93642,0.95266666,,0.8664,,0.84804,0.90088166,3.151,2.99495602,17-2
C10890187,2019,,0.725,0.7189,,,,0.80708,0.75032666,2.381,2.53995752,17-2
C97978999,2019,,0.91236,0.89079,,0.84796,,0.76413,0.85381,3.232,2.92886066,17-2
C95259902,2019,,,,0.88825,,0.91911341,0.86574,0.89103447,3.421,2.69756937,17-2
C96896705,2019,,,,0.89919,,0.97479747,0.98997,0.95465249,3.663,3.15847516,17-2
C42100310,2018,,0.86789473,0.97066666,,0.854975,,0.8774,0.89273409,3.229,2.66075444,17-2
C23768229,2019,,0.96075,0.97966666,,0.9475,,0.959,0.96172916,3.729,3.27209163,17-2
C11710000,2019,,0.720885,0.7308,,,,0.683,0.71156166,2.142,2.47131968,17-2
C02204147,2019,,0.919995,0.93475,,,,0.917,0.923915,3.228,3.08075142,17-2
C33163820,2019,,0.7552,0.7145,,,,0.852,0.7739,2.888,2.90540123,17-2
C91701181,2019,,0.8315,0.83316666,,0.859,,0.87897,0.85065916,2.926,2.580163,17-2
C26582797,2019,,0.954,0.9715,,0.98685714,,0.971,0.97083928,3.907,3.52067327,17-2
C74610969,2019,,0.87823,0.93313666,,0.8839,,0.81825,0.87837916,2.906,2.83945012,17-2
C89627332,2019,,0.729,0.68646333,,,,0.7155,0.71032111,2.008,2.08098984,17-2
C54299546,2019,,0.93393,0.96233333,,0.9752,,0.96272,0.95854583,3.684,3.25376678,17-2
C53938235,2019,,0.902165,0.94416666,,0.9095,,0.86545,0.90532041,3.363,2.96231556,17-2
C72123639,2019,,0.80092,0.83181333,,0.758,,0.72581,0.77913583,2.627,2.48387003,17-2
C02276053,2019,,0.930275,0.98416666,,,,0.90228,0.93890722,3.618,3.29116201,17-2
C08302770,2019,,0.81481,0.72104333,,,,0.7955,0.77711777,2.664,2.52862644,17-2
C37284699,2019,,0.92797,0.93739333,,0.9551,,0.947,0.94186583,3.458,3.1835506,17-2
C90162245,2019,,0.9425,0.95039,,0.9655,,0.96733,0.95643,3.967,3.3785162,17-2
C69726523,2019,,0.96745,0.95603333,,0.9485,,0.91167,0.94591333,3.884,3.32489991,17-2
C07771162,2019,,0.88388,0.901,,0.882,,0.91888,0.89644,3.005,2.66396594,17-2
C71145457,2019,,0.834355,0.706734,,,,0.69232,0.74446966,2.158,2.30871296,17-2
C68787856,2019,0.8571,0.738355,0.7403,,,,0.75807,0.77345625,2.166,2.3757956,17-2
C09229669,2019,,0.856945,0.94025,,0.857,,0.825,0.86979875,2.727,2.4920516,17-2
C83658566,2019,,0.941345,0.98316666,,,,0.971,0.96517055,3.832,3.06449175,17-2
C42498218,2019,,0.883,0.87363333,,0.861,,0.86325,0.87022083,3.194,3.1367383,17-2
C03475084,2019,,0.91225,0.84746666,,0.9056,,0.8815,0.88670416,3.28,3.15991688,17-2
C72859602,2019,,0.843265,0.78469285,,,,0.73233,0.78676261,2.302,2.05253339,17-2
C12682452,2019,,0.914505,0.89506333,,0.924,,0.9104,0.91099208,3.438,3.18984962,17-2
C50138805,2019,0.85015,0.829055,0.82925,,,,0.73091,0.80984125,2.655,2.90331841,17-2
C83392643,2019,,0.87285,0.88428666,,0.9152,,0.84472,0.87926416,3.231,2.86906004,17-2
C93080230,2019,,0.91544,0.93683333,,0.9315,,0.8916,0.91884333,3.43,3.21470785,17-2
C71393481,2019,,0.652565,0.64876666,,,,0.69954,0.66695722,1.908,2.20421505,17-2
C94663201,2019,,0.781005,0.765,,0.8065,,0.736,0.77212625,2.604,2.59863043,17-2
C27884063,2019,,0.83565,0.83342666,,,,0.80858,0.82588555,2.962,2.88171625,17-2
C36636767,2018,,0.79166842,0.865,,0.89744,,0.903,0.8642771,2.911,2.85781193,17-2
C86282158,2019,,0.812135,0.8045,,0.7965,,0.83247,0.81140125,2.491,2.57097888,17-2
C39435296,2019,,0.76891,0.83116666,,,,0.76501,0.78836222,2.268,2.33621788,17-2
C08226733,2019,,0.9405,0.92816666,,0.9558,,0.946,0.94261666,3.721,3.33788347,17-2
C41898111,2019,,0.7995,0.80293333,,,,0.76495,0.78912777,2.594,2.64542031,17-2
C45974673,2019,,0.81676,0.93662666,,0.933,,0.82202,0.87710166,2.929,2.80961347,17-2
C05178576,2019,,0.89305,0.92748333,,,,0.84775,0.88942777,3.018,2.54871368,17-2
C58050573,2019,,0.877735,0.93026666,,0.9177,,0.843,0.89217541,3.112,2.9122014,17-2
C96130543,2019,,0.867,0.83653,,0.897,,0.8576,0.8645325,3.148,2.95403838,17-2
C70115828,2019,,0.825,0.74936513,,,,0.84637,0.80691171,2.766,2.54912424,17-2
C21068869,2019,,0.848,0.85266666,,0.908,,0.86278,0.86786166,3.203,2.81340957,17-2
C09190069,2019,,0.898055,0.84848,,0.87,,0.83898,0.86387875,2.814,2.99927545,17-2
C49413282,2019,,0.93265,0.88384,,0.9129,,0.82892,0.8895775,3.072,2.86522126,17-2
C02831003,2019,,0.92525,0.87160714,,0.937,,0.85078,0.89615928,3.054,2.73066831,17-2
C84392428,2018,,0.82625,0.91536666,,0.923895,,0.923,0.89712791,3.438,3.20631695,17-2
C41679405,2019,,0.9258,0.9255,,0.8731,,0.93089,0.9138225,3.245,2.88548732,17-2
C69379102,2019,,0.79859,0.81616666,,0.8435,,0.7418,0.80001416,2.498,2.38930559,17-2
C47424977,2019,,0.78771,0.74733333,,,,0.866,0.80034777,2.795,2.68444324,17-2
C26033283,2019,,0.768345,0.7791,,0.851,,0.76633,0.79119375,2.344,2.34042525,17-2
C78726434,2019,,,,0.875005,,0.90342034,0.87143,0.88328511,3.1,2.59574342,17-2
C90612588,2019,,0.7035,0.69633333,,0.744,,0.714,0.71445833,2.207,2.39218712,17-2
C56614597,2019,,0.929,0.97133333,,0.93695,,0.95687,0.94853833,3.592,2.97614789,17-2
C52974752,2019,,0.81188,0.90981666,,0.87925,,0.9,0.87523666,3.486,3.20170236,17-2
C19446106,2019,,0.905,0.95019666,,,,0.983,0.94606555,3.763,3.20391774,17-2
C96533034,2019,,0.95575,0.95133333,,,,0.9382,0.94842777,3.934,3.60262251,17-2
C25174316,2019,,0.96263,0.947,,0.885,,0.91684,0.9278675,3.109,2.88373756,17-2
C85076679,2019,,0.7835,0.7516,,,,0.8085,0.7812,2.534,2.33905673,17-2
C88360465,2019,,0.92935,0.95156666,,0.9133,,0.89954,0.92343916,3.075,2.60954332,17-2
C33318597,2019,,0.909,0.92204,,,,0.83964,0.89022666,3.353,2.85056329,17-2
C89770307,2019,,0.88428,0.84524,,0.861,,0.74196,0.83312,2.896,2.78015637,17-2
C79067169,2019,,0.85078,0.80676666,,0.869,,0.78493,0.82786916,2.738,2.67095757,17-2
C25350172,2019,,0.831035,0.73641666,,,,0.70325,0.75690055,2.662,2.60494828,17-2
C44960900,2019,,0.889625,0.8965,,0.86155,,0.882,0.88241875,2.989,2.76014686,17-2
C64548179,2019,,0.821285,0.78403333,,0.851,,0.78325,0.80989208,2.486,2.48643661,17-2
C26384459,2019,,0.9118,0.80983333,,,,0.78603,0.83588777,2.764,2.54458809,17-2
C04546256,2019,,0.734,0.77676767,,,,0.721,0.74392255,2.329,2.70722628,17-2
C01995518,2019,,0.70117,0.72483333,,,,0.68295,0.70298444,2.294,2.35602593,17-2
C99582374,2019,,0.859365,0.76600333,,0.8112,,0.7075,0.78601708,2.393,2.32421422,17-2
C67419892,2019,,0.90739,0.90933333,,0.8835,,0.9053,0.90138083,3.155,2.96492195,17-2
C72620340,2019,,,,0.786415,,0.86228622,0.82553,0.82474374,2.985,2.44072652,17-2
C02272934,2019,,0.841,0.73900333,,,,0.80124,0.79374777,2.92,2.59076023,17-2
C75154389,2019,,0.895585,0.95833333,,0.9303,,0.81385,0.89951708,3.306,3.13673902,17-2
C06163256,2020,,0.72483,0.69616666,,,,0.48407,0.66991666,1.947,2.13536692,17-2
C95421723,2019,,0.80045,0.68061666,,,,0.7498,0.74362222,2.307,2.50342655,17-2
C61879121,2019,,0.83056,0.83248333,,0.7995,,0.65532,0.77946583,2.247,2.33285475,17-2
C77064712,2019,,0.92795,0.95206666,,,,0.94803,0.94268222,3.6,3.10860991,17-2
C49110233,2019,,0.922,0.95218855,,0.958,,0.92359,0.93894463,3.606,3.13742256,17-2
C13129651,2019,,0.926,0.98733333,,0.9005,,0.914,0.93195833,3.37,2.92762995,17-2
C54461017,2020,,,,0.9875,,,0.965,0.97625,4.024,3.42503619,17-2
C10830223,2019,,,,0.84292929,,0.89493699,0.976,0.90462209,3.714,3.30118084,17-2
C05583337,2019,,0.86137,0.87719,,,,0.84088,0.85981333,2.784,2.7681818,17-2
C28859892,2019,,0.893325,0.93314333,,0.8595,,0.8045,0.87261708,2.927,2.66620207,17-2
C99777267,2019,,0.78979797,0.72933333,,,,0.7655,0.76154376,2.694,2.70432425,17-2
C34144633,2019,,0.73905,0.71283333,,0.7667,,0.7027,0.73032083,2.048,1.9889766,17-2
C68043511,2019,,0.820795,0.76883333,,,,0.70609,0.76523944,2.536,2.36912608,17-2
C04811609,2019,,0.8935202,0.922,,0.7881,,0.867,0.86765505,3.03,2.77174997,17-2
C28088663,2019,,0.691,0.63716666,,,,0.46184285,0.66088473,2.144,2.17999005,17-2
C73261931,2019,,0.829275,0.8335,,0.794,,0.825,0.82044375,2.994,2.80323625,17-2
C93520122,2019,,0.6969,0.77596078,,,,0.7725,0.76254852,2.872,2.53878546,17-2
C95693422,2019,,0.70211,0.66335,,,,0.70954,0.696125,1.979,2.01654863,17-2
C12953547,2019,,0.627355,0.68625,,,,0.65431,0.67823875,1.961,2.17046857,17-2
C80396745,2019,,0.79102,0.74016666,,0.83275,,0.89579,0.81493166,2.849,2.64768648,17-2
C65609003,2019,,0.801575,0.81419,,,,0.77399,0.796585,2.563,2.36974096,17-2
C07121565,2019,,0.824525,0.72848666,,,,0.77477,0.77592722,2.713,2.67768717,17-2
C12736554,2019,,0.8515,0.82246,,0.8092,,0.83015,0.8283275,2.796,2.55045342,17-2
C51237140,2019,,0.716,0.68316666,,,,0.778,0.72572222,2.507,2.53133249,17-2
C94257682,2019,,0.89789,0.81759,,,,0.83573,0.85040333,3.447,3.01352644,17-2
C64098713,2019,,0.952475,0.97966666,,0.98,,0.95667,0.96720291,3.985,3.34183049,17-2
C83936065,2019,,0.849445,0.8575,,,,0.74011,0.815685,2.53,2.46542215,17-2
C94540698,2020,,0.65692,0.67205,,,,0.66611,0.717157,1.877,1.98235798,17-2
C00699770,2019,,0.94035,0.988,,0.98285714,,0.97033,0.97038428,3.328,2.92972875,17-2
C04361539,2019,,0.824645,0.87375,,0.86333,,0.8735,0.85880625,3.102,2.8227787,17-2
C39033318,2019,,0.928,0.93383333,,0.9341,,0.93389,0.93245583,3.815,3.16817904,17-2
C82932791,2019,,0.735995,0.71971,,,,0.71036,0.72202166,2.443,2.59163618,17-2
C49555388,2019,,0.81758,0.75687333,,,,0.6324,0.73561777,2.582,2.25505519,17-2
C16053604,2019,,0.918085,0.94207333,,0.9459,,0.88715,0.92330208,3.38,3.08645701,17-2
C28863442,2019,,,,0.88225,,0.92690819,0.96429,0.92448273,3.559,3.24232912,17-2
C83848959,2019,,0.75016,0.8014,,0.7742,,0.788,0.77844,2.411,2.51749539,17-2
C19261901,2019,,0.95275,0.97516666,,0.925,,0.92794,0.94521416,3.508,3.26717257,17-2
C80285676,2020,,0.63085,0.75355,,,,0.80258,0.742095,2.484,2.49248981,17-2
C76747432,2020,,0.76586,0.79916333,,,,0.685,0.75000777,2.151,2.34249902,17-2
C60477598,2019,,0.87134,0.89372,,0.853,,0.78425,0.8505775,2.764,2.51297307,17-2
C32273996,2019,,0.86765,0.82733333,,,,0.84038,0.84512111,3.08,2.82373428,17-2
C17681247,2019,,0.9415,0.92916666,,0.89271,,0.802,0.89134416,3.27,2.80582905,17-2
C78423839,2019,,0.7026,0.7175,,,,0.67279,0.69763,2.29,2.07750726,17-2
C08178559,2019,,0.93451,0.90536666,,0.9721,,0.97157,0.94588666,3.58,3.13787699,17-2
C44529701,2019,,0.8525,0.90286666,,,,0.89473,0.88336555,3.248,3.03410196,17-2
C03810277,2019,,0.781,0.83494333,,,,0.74804,0.78799444,3.231,2.87623882,17-2
C01180716,2019,,0.6937,0.66220338,,,,0.736,0.69730112,2.489,2.26412392,17-2
C87393069,2019,,0.8369,0.76466666,,,,0.8427,0.81475555,2.879,2.58152485,17-2
C05196140,2019,,0.902305,0.91760333,,0.908,,0.9415,0.91735208,3.492,3.05293751,17-2
C85924205,2019,,0.87456,0.85854333,,,,0.8304,0.85450111,3.263,2.97414708,17-2
C17144418,2019,,0.80975,0.77121212,,,,0.70795,0.7629707,2.536,2.33994555,17-2
C34429800,2019,,0.841815,0.90286,,0.8212,,0.857,0.85571875,3.056,2.86076546,17-2
C90656413,2019,,0.92111,0.87097,,0.9014,,0.8158,0.87732,3.125,2.87095785,17-2
C77923308,2019,,0.854,0.88395,,,,0.7948,0.84425,3.101,2.97925282,17-2
C66988646,2019,,0.76664,0.73566666,,,,0.80533,0.76921222,2.604,2.66542053,17-2
C10642785,2019,,0.861225,0.91316666,,0.798,,0.771,0.83584791,2.69,2.52234411,17-2
C67199814,2019,,0.739895,0.71796666,,,,0.66897,0.70894388,2.036,1.94513488,17-2
C48435956,2019,,0.83578,0.8405,,,,0.89225,0.85617666,3.347,2.99844503,17-2
C93715212,2019,,0.80364,,,0.77699,,0.85322,0.81128333,2.609,2.4394989,17-2
C71674195,2019,,0.83135,0.80366666,,,,0.7505,0.79517222,2.776,2.60558081,17-2
C09182885,2019,,0.966145,0.98018,,0.9404,,0.945,0.95793125,3.764,3.18886161,17-2
C06245961,2019,,0.668585,0.64316666,,,,,0.67391722,2.476,2.26365089,17-2
C71311962,2018,,0.88595,0.791,,0.87905,,0.79807,0.8385175,3.074,2.67021441,17-2
C74992876,2019,,0.90843,0.94247666,,0.9145,,0.85374,0.90478666,3.364,3.09795499,17-2
C03867069,2019,,0.857,0.89416666,,,,0.86143,0.87086555,2.974,2.84165549,17-2
C04351116,2019,,0.72520304,0.70237666,,,,0.60075,0.70851099,1.619,1.61684644,17-2
C73841553,2019,,,,0.883645,,0.90619261,0.9495,0.91311253,3.211,3.09541988,17-2
C92724324,2019,,0.864,0.82035666,,0.8085,,0.76539,0.81456166,2.264,2.21338654,17-2
C76099182,2019,,0.906,0.95051666,,,,0.894,0.91683888,3.501,3.21409202,17-2
C64039079,2019,,0.852085,0.90363333,,0.9644,,0.872,0.89802958,3.076,2.78075957,17-2
C60975020,2019,,0.761575,0.75266666,,,,0.75,0.75474722,2.43,2.24675512,17-2
C18286930,2019,0.789,0.78865,0.7655,,,,0.69014,0.765234,2.513,2.6356473,17-2
C05995423,2019,,0.915425,0.93953333,,,,0.89883,0.91792944,3.63,3.27107501,17-2
C19636337,2020,,0.915705,,0.61975,0.876,,0.72231,0.78344125,2.941,2.56063914,17-2
C15929438,2019,,0.84921,0.84329,,,,0.829,0.8405,3.292,3.16211772,17-2
C66821080,2019,,0.920745,0.93137666,,0.8881,,0.82731,0.89188291,3.293,3.07713294,17-2
C77191818,2019,,0.7635,0.75612666,,,,0.751,0.75687555,2.208,2.30039358,17-2
C22698295,2019,,0.801935,0.7769,,,,0.85558,0.81147166,3.224,2.94743228,17-2
C43735727,2019,,0.956075,0.98046,,0.9654,,0.94483,0.96169125,3.804,3.26730466,17-2
C70063631,2019,,0.793535,0.81754,,,,0.84706,0.81937833,2.554,2.37003422,17-2
C44198811,2018,,0.85479797,0.844,,0.8672,,0.79652,0.85067359,2.895,2.48978043,17-2
C85234080,2019,,0.8705,0.83433333,,0.9105,,0.846,0.86533333,3.063,2.79633427,17-2
C86118966,2019,,,,0.759625,,0.82265976,0.90825,0.83017825,3.175,3.0170579,17-2
C77965161,2020,,,,,,,0.973,0.973,3.55,3.09579897,17-2
C04753688,2019,,0.8,0.88573666,,0.802,,0.79163,0.81984166,2.412,2.44484568,17-2
C64165598,2018,,0.956,0.949,,0.937,,0.984,0.9565,3.879,3.50520849,17-2
C13075424,2019,,0.8199,0.695,,,,0.48925,0.66805,1.805,2.00687385,17-2
C48697083,2019,,0.747405,0.71093333,,,,0.5703,0.67621277,1.998,2.02879357,17-2
C90546896,2020,0.72735,0.747865,0.68995,,,,0.67331,0.70961875,2.047,2.14787149,17-2
C45793529,2019,,0.7833,0.76052931,,0.77,,0.86698,0.79520232,2.894,2.59871387,17-2
C20861675,2019,,0.802245,0.8125,,0.77625,,0.757,0.78699875,2.688,2.47148538,17-2
C08185546,2019,,,,0.90886,0.94052631,,0.93175,0.92704543,3.628,2.96793818,17-2
C70957330,2019,,0.83522,0.88811,,0.879,,0.91123,0.87839,3.232,3.02299309,17-2
C29296260,2019,,0.769655,0.811,,0.8195,,0.73288,0.78325875,2.439,2.42122245,17-2
C96261854,2019,,0.751,0.73783333,,,,0.75672,0.74851777,2.539,2.60680628,17-2
C05760584,2019,,,,0.90916,,0.91234923,0.93039,0.91729974,3.858,3.19601822,17-2
C48490595,2019,,0.869965,0.84048333,,0.8485,,0.71339,0.81808458,2.684,2.61027718,17-2
C58256196,2019,,0.895885,0.94502333,,0.935,,0.89773,0.91840958,3.271,3.05100799,17-2
C56043166,2019,,0.905495,0.9225,,0.8588,,0.87406,0.89021375,3.206,2.7502749,17-2
C91055562,2019,,0.971065,0.96077441,,0.98071428,,0.96767,0.97005592,4.082,3.54110527,17-2
C79468987,2019,,0.776,0.83866666,,0.7725,,0.76249,0.78741416,2.343,2.53059745,17-2
C50020961,2019,,0.712395,0.70033,,0.7439,,0.75445,0.72776875,2.098,2.18687892,17-2
C31732975,2019,,0.76756539,0.88322666,,,,0.84035,0.83038068,2.938,2.88276553,17-2
C89302494,2020,,0.82298,0.74533333,,0.7578,,0.7327,0.76470333,2.449,2.55101705,17-2
C96925619,2019,,0.92627,0.88166666,,0.8705,,0.77511,0.86338666,2.844,2.5757041,17-2
C78898390,2019,,0.874705,0.86333333,,0.8562,,0.8124,0.85165958,2.991,2.66682649,17-2
C11739145,2019,,,,0.97336683,,0.96330783,0.9754,0.97069155,4.064,3.45232892,17-2
C65920011,2019,,0.8635,0.90762333,,0.875,,0.84255,0.87216833,3.037,2.86071825,17-2
C32058190,2019,,0.865005,0.83878666,,,,0.88021,0.86133388,2.899,2.81951356,17-2
C83523694,2019,,0.93055,0.93933333,,0.9392,,0.93313,0.93555333,3.573,3.19976163,17-2
C66083393,2019,,0.843325,0.85227118,,0.8595,,0.73886,0.82348904,2.553,2.36359644,17-2
C50334230,2019,,0.90068,0.90914,,,,0.82949,0.87977,3.071,2.89715409,17-2
C26938601,2019,,0.8392,0.72053872,,0.792,,0.77127,0.78075218,2.258,2.34643078,17-2
C27431632,2019,,0.77694416,0.74419,,,,0.75506,0.75873138,2.377,2.30091143,17-2
C87241542,2019,,0.90302,0.83626666,,0.8525,,0.847,0.85969666,3.271,3.02697563,17-2
C17861753,2019,,0.872,0.945,,0.9375,,0.90654,0.91526,3.53,3.28306723,17-2
C73753094,2019,,0.747415,0.75197,,,,0.816,0.771795,2.794,2.72325301,17-2
C96895315,2019,0.86055555,0.827865,0.76715,,,,0.81366,0.81730763,2.561,2.36307883,17-2
C86608017,2019,,0.9104,0.98338333,,0.915,,0.853,0.91544583,3.652,3.14033294,17-2
C69540573,2019,,0.715225,0.65033333,,,,0.6845,0.68335277,1.965,2.24319267,17-2
C57975246,2019,,0.8133,0.8805,,0.858,,0.94197,0.8734425,3.218,2.95896387,17-2
C17478542,2019,,0.88549,0.87016666,,0.9008,,0.852,0.87711416,3.281,2.79974055,17-2
C32799708,2019,,0.92565,0.94099,,,,0.70051,0.85571666,2.876,2.56871629,17-2
C26880773,2019,,0.91657,0.91526666,,,,0.84098,0.89093888,3.504,2.86369991,17-2
C10910201,2019,,0.93125,0.94503666,,0.9401,,0.824,0.91009666,3.369,2.839921,17-2
C84485215,2019,,0.85497,0.81171666,,,,0.7258,0.79749555,2.564,2.44489074,17-2
C47915105,2019,,,,0.8887,,0.965,0.961,0.93823333,3.937,3.48250937,17-2
C62815536,2019,,,,0.946785,,0.93035958,0.95837,0.94517152,3.721,3.46416426,17-2
C99546628,2019,,0.8832,0.84839333,,0.879,,0.8484,0.86474833,3.245,3.15407252,17-2
C91040504,2019,,0.82307,0.68766666,,0.837,,0.84525,0.79824666,2.677,2.55103946,17-2
C51282469,2019,,0.933125,0.88439333,,0.86530612,,0.88924,0.89301611,3.377,2.94946408,17-2
C61353102,2019,,0.89877,0.89758333,,0.9224,,0.8585,0.89431333,3.399,3.19476223,17-2
C99239907,2019,0.92905,0.9415,0.93285,,,,0.829,0.9081,3.648,3.27071595,17-2
C26889147,2019,,0.8541,0.79505762,,0.85322,,0.8496,0.8379944,3.087,2.81575036,17-2
C41138012,2019,,0.797855,0.76661666,,,,0.7655,0.77665722,2.619,2.47979164,17-2
C02264386,2019,,0.86575,0.884,,,,0.91132,0.88702333,3.118,2.85328674,17-2
C28707738,2019,,0.9022,0.94623333,,0.981,,0.96092,0.94758833,3.405,3.18530035,17-2
C43362298,2019,,0.9578,0.95633333,,,,0.9737,0.96261111,4.04,3.53249025,17-2
C03113283,2019,,,,0.87302,,0.94769576,0.93651,0.91907525,3.565,3.05548525,17-2
C33667705,2019,,0.9135,0.97140666,,,,0.9044,0.92976888,3.572,3.32717371,17-2
C50752756,2019,,0.942675,0.93266666,,0.9532,,0.9331,0.94041041,3.439,3.30573177,17-2
C73820845,2019,,,,0.89349,,0.91071107,0.90397,0.90272369,3.194,2.83451653,17-2
C44184138,2019,,0.722015,0.79033333,,0.83475,,0.8105,0.78939958,2.555,2.62728834,17-2
C51031217,2019,,0.746,0.849,,,,0.83917,0.81139,3.078,2.99341249,17-2
C38895063,2019,,0.881375,0.90630666,,0.8725,,0.78536,0.86138541,3.067,2.89647651,17-2
C46268950,2019,,0.9453,0.96233333,,0.965,,0.91931,0.94798583,3.747,3.19713259,17-2
C97938784,2019,,0.91989,0.89792666,,0.904,,0.83248,0.88857416,3.162,2.92106915,17-2
C75323873,2019,,0.8889,0.90293333,,,,0.81718,0.86967111,3.172,2.93678546,17-2
C04757844,2019,,0.6716,0.7729,,,,0.689,0.73792625,2.336,2.539783,17-2
C49914758,2019,,0.896015,0.93233333,,0.848,,0.825,0.87533708,2.947,2.78335428,17-2
C48203033,2019,,0.70570707,0.71434333,,,,0.74573,0.7219268,2.212,2.10245299,17-2
C82908228,2019,,0.906335,0.92416333,,,,0.89501,0.90850277,3.379,3.0852623,17-2
C58568289,2020,,,,0.93586666,,,0.9269,0.93138333,3.538,3.17906308,17-2
C30005850,2019,,0.83829,0.814,,,,0.82525,0.82584666,2.604,2.53718114,17-2
C10125410,2019,,0.926775,0.97205333,,,,0.964,0.95427611,3.908,3.29544997,17-2
C93857211,2019,,0.918585,0.86762,,,,0.92098,0.902395,3.679,3.26156664,17-2
C05957766,2019,,0.750345,0.76933333,,,,0.8425,0.78739277,2.555,2.52398157,17-2
C94556545,2019,,0.971175,0.8885,,0.9578,,0.88022,0.92442375,3.202,3.07609034,17-2
C62769201,2019,,0.706135,0.68123666,,,,0.67619,0.68785388,2.187,1.94695258,17-2
C51646050,2019,,0.955715,0.95833333,,0.9591,,0.94762,0.95519208,3.931,3.37909126,17-2
C00007619,2019,,0.72032,0.66203333,,,,0.75137,0.71124111,2.816,2.55816889,17-2
C39510902,2019,,0.659365,0.60883333,,,,0.74878,0.69975928,2.205,2.53592014,17-2
C39111142,2019,,0.88278,0.847,,,,0.78988,0.83988666,2.987,2.94309592,17-2
C64194706,2019,,0.75627272,0.67546666,,,,0.83451,0.77656234,2.65,2.79423857,17-2
C10218383,2020,,0.61046,0.706,,,,0.67475,0.6885175,2.115,1.92057943,17-2
C51401005,2019,,0.926,0.95263333,,0.9525,,0.96497,0.94902583,3.673,3.09007692,17-2
C00197403,2019,,0.94875,0.95266666,,0.91020408,,0.88308,0.92367518,3.335,2.85490322,17-2
C21005754,2019,,0.9257,0.96192333,,0.92434,,0.95587,0.94195833,3.57,3.27528048,17-2
C15940408,2019,,0.769095,0.86366666,,0.83,,0.76829,0.80776291,2.602,2.53735566,17-2
C26510171,2019,,0.834985,0.86212121,,,,0.8436,0.84690207,3.193,3.20274401,17-2
C70650962,2019,,0.837,0.80075,,0.8335,,0.729,0.8000625,2.806,2.68628359,17-2
C44116994,2019,,0.776,0.7313,,,,0.8395,0.78226666,2.634,2.33659816,17-2
C14242532,2019,,0.9705,0.97181666,,0.9608,,0.96566,0.96719416,3.698,3.07763934,17-2
C24394413,2019,,0.847375,0.88466666,,0.97,,0.87077,0.89320291,3.039,2.74665999,17-2
C13343972,2019,,0.94225,0.9466,,0.9635,,0.87039,0.930685,3.444,2.91116428,17-2
C82096217,2019,,0.9492,0.97633333,,0.98428571,,0.88603,0.94896226,3.441,3.08851123,17-2
C40078973,2019,,0.80523,0.7670068,,,,0.78915,0.78712893,2.504,2.61016965,17-2
C34457069,2019,,0.70405,0.65009666,,,,0.70618,0.68677555,1.954,2.27912259,17-2
C86868107,2019,,0.74094,0.7512,,,,0.70863,0.73359,2.359,2.50767112,17-2
C16862516,2019,,0.6988,0.75790666,,0.738,,0.76821,0.74072916,2.559,2.61534262,17-2
C77231366,2019,,0.653525,0.62352666,,,,0.69886,0.6679485,2.118,2.0736897,17-2
C20706262,2019,,,,0.913865,,0.91330783,0.975,0.93405761,3.887,3.54355717,17-2
C16078340,2019,,0.90891,0.91655,,,,0.90479,0.91008333,3.418,3.22748685,17-2
C23763076,2019,,0.938785,0.97710437,,0.98371428,,0.97433,0.96848341,3.913,3.51264763,17-2
C75105766,2019,,0.938185,0.93193333,,0.93781,,0.83144,0.90984208,3.446,2.98151803,17-2
C17443805,2019,,0.746155,0.76733333,,0.8005,,0.7925,0.77662208,2.504,2.46153569,17-2
C79641133,2019,,0.85009,0.83374333,,,,0.8365,0.84011111,3.041,2.80987573,17-2
C32255422,2019,,0.736445,0.75036333,,,,0.8509,0.77923611,2.652,2.50528431,17-2
C79805587,2019,,0.90931,0.85621,,0.9056,,0.95704,0.90704,3.114,2.82516456,17-2
C14975198,2020,,,,0.98083333,,,0.9775,0.97916666,4.156,3.62609863,17-2
C54916037,2019,,0.81226,0.73116666,,,,0.791,0.77814222,2.82,2.55633759,17-2
C15696570,2019,,0.62573,0.669,,,,0.70802,0.69915625,2.258,2.40243077,17-2
C63189091,2019,,0.842655,0.90166666,,,,0.8396,0.86130722,3.185,2.91471243,17-2
C19237175,2019,,0.833675,0.76964,,,,0.7544,0.785905,2.669,2.52727175,17-2
C22447506,2019,,0.953185,0.94923333,,0.9351,,0.9155,0.93825458,3.652,3.24814773,17-2
C59282340,2018,,0.9675,0.96366,,0.9925,,0.95868,0.970585,3.965,3.28770971,17-2
C38401256,2019,,0.6932,0.66383333,,,,0.69418,0.70910833,1.867,1.9436667,17-2
C30637725,2019,,0.878775,0.85313,,,,0.80152,0.844475,2.806,2.57487798,17-2
C85062074,2019,,0.81515,0.71533333,,,,0.79562,0.77536777,2.994,2.81821465,17-2
C29110798,2019,,0.909795,0.92,,,,0.894,0.90793166,3.332,3.00740719,17-2
C92271513,2019,,0.845,0.823,,0.7836,,0.75743,0.8022575,2.773,2.78448224,17-2
C71609724,2019,,,,0.68201,0.7984,,0.72639,0.7356,2.484,2.49999475,17-2
C22267446,2019,,0.8707,0.89747474,,,,0.895,0.88772491,3.496,3.18241262,17-2
C62945603,2019,,0.8521,0.85310666,,0.833,,0.82651,0.84117916,2.524,2.29568672,17-2
C73725307,2019,,0.9726,1.00116666,,0.9705,,0.97075,0.97875416,3.916,3.4366641,17-2
C70611863,2019,,0.884,0.9174,,,,0.924,0.90846666,3.233,3.07089496,17-2
C12820514,2019,,0.89108,0.92459666,,0.9686,,0.9002,0.92111916,3.245,3.03033876,17-2
C54392906,2019,0.9212,0.9495,0.968,,,,0.923,0.940425,3.461,3.05722427,17-2
C29426120,2018,,0.76675,0.85726,,0.8945,,0.77874,0.8243125,2.335,2.24892402,17-2
C82170535,2019,,0.86122,0.90933333,,0.901,,0.7963,0.86696333,3.079,2.8007648,17-2
C90967482,2019,,0.775825,0.75373333,,,,0.84325,0.79093611,2.951,2.94622517,17-2
C32398709,2019,,0.7502551,0.79733333,,,,0.62202,0.7450746,2.163,2.17569089,17-2
C34221103,2019,,0.7205,0.70038666,,,,0.68478,0.70188888,2.035,2.14245391,17-2
C01594590,2019,,0.717825,0.74465333,,,,0.767,0.74315944,2.592,2.65001392,17-2
C60345357,2019,,0.89105,0.92218333,,0.863,,0.86993,0.88654083,3.119,2.88148189,17-2
C16704276,2019,,0.85451,0.88716666,,,,0.80033,0.84733555,2.912,2.77145433,17-2
C09453100,2019,,0.77078,0.79005333,,,,0.7413,0.76737777,2.747,2.54117036,17-2
C91996918,2019,,0.81065,0.80046666,,,,0.84793,0.81968222,2.734,2.59647465,17-2
C45035580,2019,,0.94823,0.92683333,,,,0.921,0.93202111,3.09,2.79579973,17-2
C84584510,2019,,0.898425,0.95161666,,0.916,,0.91175,0.91944791,3.233,3.01274323,17-2
C17956033,2019,,0.785,0.79849,,,,0.86793,0.81714,3.232,3.01948142,17-2
C49546761,2019,,0.7061,0.64710774,,,,0.73645,0.69655258,2.058,2.14876747,17-2
C68819454,2019,,0.911555,0.947,,0.8125,,0.851,0.88051375,2.618,2.60299015,17-2
C59549091,2020,,0.7006,0.6834,,,,0.62681,0.6960325,2.195,2.29620028,17-2
C98543761,2019,,0.75543,0.86616666,,0.77,,0.7627,0.78857416,2.53,2.39068055,17-2
C07038156,2019,,0.704705,0.623,,,,0.72663,0.69589625,2.075,2.091326,17-2
C75000287,2019,,0.7806,0.76816666,,,,0.7097,0.75282222,2.61,2.42914367,17-2
C73219885,2019,,0.915595,0.848,,0.8933,,0.87523,0.88303125,3.224,2.88297963,17-2
C99115592,2019,,0.780015,0.71913666,,0.7465,,0.675,0.73016291,1.931,2.04562688,17-2
C22906813,2019,,0.830025,0.70583333,,0.7863,,0.8255,0.78691458,2.518,2.49755311,17-2
C71364321,2019,,0.82855,0.74879731,,0.783,,0.7671,0.78186182,2.753,2.69802809,17-2
C66743911,2019,,0.7384,0.722,,,,0.64145,0.7264725,1.908,2.01080942,17-2
C08551098,2019,,0.847,0.92257333,,0.8765,,0.84056,0.87165833,2.939,2.68130684,17-2
C04704186,2019,,0.894,0.92464333,,0.9552,,0.9312,0.92626083,3.383,2.92468357,17-2
C76446104,2019,,0.80627,0.75583333,,,,0.76122,0.77444111,2.608,2.58322453,17-2
C75486568,2019,,0.789995,0.77046666,,0.825,,0.79668,0.79553541,2.635,2.55959225,17-2
C42778141,2019,,0.820875,0.96996666,,0.9019,,0.77794,0.86767041,2.888,2.55019903,17-2
C74075028,2019,,0.9198,0.94348333,,0.9355,,0.90252,0.92532583,3.451,2.99128389,17-2
C60033251,2019,,0.810305,0.8144,,,,0.784,0.80290166,2.359,2.15842128,17-2
C32130484,2019,,0.8225,0.83898333,,,,0.83965,0.83371111,3.147,2.78288746,17-2
C15929683,2019,,0.697605,0.67534013,,,,0.6786,0.68384837,2.014,2.28420591,17-2
C20307399,2019,,0.852065,0.83908333,,0.7975,,0.7752,0.81596208,2.713,2.68547058,17-2
C78221587,2019,,0.9267,0.87494333,,0.846,,0.8165,0.86603583,2.921,2.56427336,17-2
C39740815,2019,,0.9355,0.943,,0.904,,0.8865,0.91725,3.379,3.10063577,17-2
C52410543,2018,,0.9132832,0.89734333,,0.87952,,0.89491,0.89626413,3.23,2.82649922,17-2
C19061025,2019,,0.7639,0.92117647,,,,0.82942,0.83816549,2.862,2.85280704,17-2
C01343525,2019,,0.786,0.70418666,,0.7208,,0.557,0.65390333,1.693,1.8060813,17-2
C45297372,2019,,0.70631362,0.73199333,,0.8015,,0.774,0.75345173,2.512,2.2275815,17-2
C40183194,2019,,0.927,0.94206333,,0.934,,0.985,0.94701583,3.759,3.39508438,17-2
C03735881,2019,,0.943,0.92848333,,0.8637,,0.90325,0.90960833,3.547,3.25081849,17-2
C21767353,2019,,0.87465,0.87385,,0.86375,,0.8382,0.8626125,2.764,2.73860049,17-2
C83928761,2019,,0.86604,0.8675,,0.7995,,0.79575,0.8321975,2.736,2.65915298,17-2
C72435195,2019,,,,0.85326,,,0.839,0.84613,2.613,2.62357187,17-2
C14888146,2019,,0.825435,0.80796666,,0.775,,0.7637,0.79302541,2.474,2.4352107,17-2
C69939603,2019,,0.74804,0.7305,,,,0.774,0.75084666,2.676,2.53706551,17-2
C68264699,2019,,0.918495,0.8295,,,,0.8842,0.87739833,3.431,3.05800867,17-2
C27133275,2019,,0.813,0.79616666,,,,0.8044,0.80452222,2.505,2.16257739,17-2
C08374520,2019,,0.854185,0.8585,,,,0.85379,0.85549166,3.259,3.03680539,17-2
C33563792,2019,,0.938785,0.92960666,,0.945,,0.9549,0.94207291,3.399,2.94769764,17-2
C86177080,2019,,0.953565,0.9531,,0.9605,,0.9617,0.95721625,3.811,3.32980204,17-2
C84567934,2019,,0.9074,0.86106666,,0.8445,,0.93822,0.88779666,3.142,3.04784155,17-2
C93017275,2019,,0.892,0.87216666,,,,0.88025,0.88147222,3.004,2.80940533,17-2
C97726794,2019,,0.908735,0.92511666,,,,0.907,0.91361722,3.587,3.25362062,17-2
C72021461,2019,,0.764755,0.83916666,,,,0.87222,0.82538055,3.103,2.86363363,17-2
C74796797,2019,,0.879445,0.8911,,0.7725,,0.76378,0.82670625,2.932,2.68980885,17-2
C00056766,2019,,0.78394,0.778,,,,0.8585,0.80681333,2.869,2.85876751,17-2
C73807480,2019,,0.8145,0.93516666,,0.8966,,0.76206,0.85208166,2.885,2.52553225,17-2
C69733805,2019,,0.92805,0.9759,,,,0.93205,0.94533333,3.896,3.38318634,17-2
C35730453,2019,,0.84066,0.85,,,,0.80067,0.83044333,2.998,2.70549607,17-2
C28611556,2019,,0.85844567,0.89599666,,,,0.90874,0.88772744,2.906,2.79255676,17-2
C11232457,2019,,0.83255,0.65453872,,,,0.69345,0.72684624,2.125,2.2611165,17-2
C67870153,2019,,0.85165,0.85718333,,,,0.79345,0.83409444,2.687,2.44164205,17-2
C11331978,2019,,0.97603,0.97272727,,0.9688,,0.97683,0.97359681,3.956,3.42133474,17-2
C75547236,2019,,0.85466,0.85006666,,,,0.79845,0.83439222,3.339,2.81236744,17-2
C86783018,2020,,0.63363,0.724,,,,0.7185,0.74440875,2.424,2.29429698,17-2
C73034219,2019,,0.871905,0.80566666,,,,0.7586,0.81205722,2.924,2.70654464,17-2
C57808510,2019,,0.749105,0.71924333,,,,0.8214,0.76324944,2.669,2.59037662,17-2
C65707726,2019,,0.807535,0.79910666,,,,0.75,0.78554722,2.739,2.83706808,17-2
C69313415,2019,,0.62287,0.72545,,,,0.68703,0.71845625,2.284,2.43051863,17-2
C33409592,2019,,0.7915,0.901,,,,0.914,0.86883333,3.323,2.97040153,17-2
C07672345,2020,,,,0.95388666,,,0.96666,0.96027333,3.796,3.30539298,17-2
C58880052,2018,,0.78421052,0.76307333,,0.77,,0.759,0.76907096,2.448,2.32825208,17-2
C00760926,2019,,0.93077,0.90306666,,0.94,,0.914,0.92195916,3.52,3.27028799,17-2
C87568447,2019,,0.84361,0.80216666,,,,0.831,0.82559222,2.944,2.72135711,17-2
C14986332,2019,,0.79749,0.80216666,,,,0.73636,0.77867222,2.293,2.27266264,17-2
C94299748,2019,,0.623885,0.76575,,,,0.73401,0.73639875,2.207,2.14080572,17-2
C53503636,2019,,0.841165,0.74927,,,,0.7219,0.77077833,2.29,2.07489347,17-2
C65275115,2019,,0.7915,0.73255333,,0.7845,,0.68695,0.74887583,2.124,2.3015182,17-2
C88562379,2019,,,,0.91356783,,0.95082358,0.921,0.9284638,3.602,3.16219425,17-2
C77967323,2019,,0.688045,0.72575,,,,0.75225,0.722015,2.138,1.96949458,17-2
C47655257,2019,,0.691175,0.81490666,,,,0.84627,0.78411722,2.718,2.43098736,17-2
C57343472,2019,,0.6575,0.65183333,,,,0.663,0.65744444,1.899,2.1250031,17-2
C34544319,2019,,0.8775,0.94266666,,0.9475,,0.91735,0.92125416,3.477,3.08691144,17-2
C72087848,2019,,0.849575,0.8415,,,,0.75359,0.81488833,2.575,2.2691524,17-2
C64433894,2019,,0.81217,0.82916666,,,,0.828,0.82311222,3.115,2.80092621,17-2
C43212881,2019,,0.82122,0.80810333,,,,0.73293,0.78741777,2.28,2.29034996,17-2
C81986747,2019,,0.8815,0.9195,,,,0.84673,0.88257666,3.376,3.14503169,17-2
C75896703,2019,,0.92096,0.89866666,,0.86387,,0.822,0.87637416,2.781,2.68332076,17-2
C44490649,2019,,0.830545,0.82538333,,0.8355,,0.81683,0.82706458,2.676,2.53401875,17-2
C78353199,2019,,0.75008,0.68366666,,0.7154,,0.6605,0.70241166,1.763,1.8343451,17-2
C68960297,2019,,0.770495,0.69162333,,,,0.80253,0.75488277,2.814,2.72802258,17-2
C37194246,2019,,0.73855,0.7281,,,,0.7695,0.74538333,2.556,2.5118196,17-2
C36711167,2019,,0.70067,0.70566666,,,,0.719,0.70844555,2.428,2.41394997,17-2
C40366247,2019,,0.879665,0.92112333,,,,0.81706,0.87261611,3.062,2.7257278,17-2
C17229831,2019,,0.83375,0.80566666,,,,0.72244,0.78728555,2.716,2.45879102,17-2
C39510865,2019,,0.76195,0.71603333,,0.685,,0.6345,0.69937083,2.033,2.03686881,17-2
C90246994,2019,,0.770105,0.73087,,,,0.75067,0.75054833,2.055,2.20648432,17-2
C44641608,2019,,0.816165,0.73886666,,,,0.72508,0.76003722,2.388,2.32148004,17-2
C77120845,2019,,0.8875,0.84309764,,0.8945,,0.83566,0.86518941,2.827,2.73724818,17-2
C74458058,2019,,0.9205,0.92519,,0.9225,,0.88221,0.9126,3.379,3.29061198,17-2
C65443752,2019,,0.786455,0.80266666,,,,0.72678,0.77196722,2.82,2.63513994,17-2
C61322062,2020,,0.606,0.7353,,,,0.61088888,0.68403722,2.157,1.92352915,17-2
C36908017,2019,,0.703,0.654,,,,0.71425,0.6932125,2.299,2.4735713,17-2
C54432735,2019,,0.818425,0.79616666,,,,0.845,0.81986388,2.792,2.48351264,17-2
C34300059,2019,,,,0.70863,0.8717,,0.90162,0.82731666,3.04,2.61573648,17-2
C17995896,2019,,0.878,0.96416666,,,,0.906,0.91605555,3.394,3.23532438,17-2
C41967559,2019,,0.78735,0.76866666,,,,0.70547,0.75382888,2.531,2.55132103,17-2
C55664997,2019,,0.81845,0.83639,,0.833,,0.78626,0.818525,2.86,2.65381742,17-2
C13090116,2019,,0.85208205,0.96870748,,0.9145,,0.889,0.90607238,2.968,2.70516825,17-2
C65161331,2019,,0.671745,0.71582491,,,,0.732,0.7065233,2.239,2.22031641,17-2
C93658213,2019,,0.93975,0.946,,0.975,,0.935,0.9489375,3.859,3.31130743,17-2
C77727441,2019,,0.82483,0.8530303,,0.7795,,0.80776,0.81628007,2.66,2.63215065,17-2
C50760302,2019,,0.728525,0.68221666,,,,0.64065,0.68379722,2.453,2.62526321,17-2
C04965577,2019,,0.85992,0.8826,,0.8827,,0.8054,0.857655,3.042,2.82141352,17-2
C65915737,2019,,,,0.94030612,,0.97070207,0.9845,0.96516939,3.99,3.27566099,17-2
C67275927,2019,,0.775085,0.79366666,,,,0.81489,0.79454722,2.856,2.79512048,17-2
C66115178,2019,,0.80568,0.71453333,,,,0.82036,0.78019111,2.462,2.585006,17-2
C16816703,2019,,0.76953061,0.70144053,,,,0.6915,0.72082371,2.204,2.41133714,17-2
C12747993,2019,,,,0.837675,,0.88410891,0.92547,0.88241797,3.556,3.24131155,17-2
C84158943,2019,,0.835475,0.78185,,,,0.768,0.79510833,2.712,2.74591398,17-2
C19386500,2019,,0.877305,0.87188552,,0.862,,0.81433,0.85638013,3.21,2.90884852,17-2
C91605815,2019,,0.930255,0.92804666,,0.905,,0.86189,0.90629791,3.161,2.88630462,17-2
C82783643,2019,,0.748285,0.69836666,,,,0.7525,0.73305055,2.403,2.50636292,17-2
C51974124,2019,,0.723935,0.70116666,,,,0.79357,0.73955722,2.741,2.5585258,17-2
C96984370,2019,0.817,0.712045,0.6779,,,,0.77127,0.74455375,2.064,1.9711206,17-2
C53513736,2019,,0.84199,0.90256666,,,,0.77331,0.83928888,3.217,2.95235682,17-2
C93471392,2019,,0.87048,0.87659,,0.8738,,0.84228,0.8657875,2.815,2.50017667,17-2
C74015839,2019,,0.90766,0.945,,0.864,,0.8112,0.881965,3.03,2.88500285,17-2
C24989794,2019,,0.8855,0.87333333,,,,0.73372,0.83085111,2.815,2.8319602,17-2
C94996779,2019,,,,0.90832,,0.91467146,0.85475,0.89258048,3.456,3.03713059,17-2
C28077270,2019,,0.8,0.86016666,,0.8517,,0.78001,0.82296916,2.744,2.58599997,17-2
C70148188,2019,,0.71879,0.79466666,,,,0.77,0.76115222,2.624,2.6937232,17-2
C42537199,2018,,0.93462,0.976,,0.9625,,0.947,0.95503,3.834,3.09798479,17-2
C34134184,2019,,0.73966,0.76911666,,,,0.79636,0.76837888,2.974,2.72173762,17-2
C00076947,2019,,0.76474,0.72383333,,,,0.72673,0.73843444,2.172,2.24442935,17-2
C08632225,2019,,0.8006,0.762,,,,0.69751,0.75337,2.897,2.59080362,17-2
C02502688,2019,,0.735,0.79023569,,,,0.69668,0.74063856,2.243,2.37895727,17-2
C82035521,2019,,0.913215,0.97066666,,0.9394,,0.91307,0.93408791,3.602,3.24830985,17-2
C69540228,2019,,0.9475,0.92256666,,0.97285714,,0.91001,0.93823345,3.19,2.87090087,17-2x
C67974911,2019,,0.94343,0.97916666,,0.941,,0.87402,0.93440416,3.502,3.00953197,17-2x
C15887270,2019,,0.93795,0.95895,,0.951,,0.938,0.946475,3.614,3.28348041,17-2x
C96896705,2019,,,,0.89919,,0.97479747,0.98997,0.95465249,3.663,3.15847516,17-2x
C26582797,2019,,0.954,0.9715,,0.98685714,,0.971,0.97083928,3.907,3.52067327,17-2x
C54299546,2019,,0.93393,0.96233333,,0.9752,,0.96272,0.95854583,3.684,3.25376678,17-2x
C37284699,2019,,0.92797,0.93739333,,0.9551,,0.947,0.94186583,3.458,3.1835506,17-2x
C90162245,2019,,0.9425,0.95039,,0.9655,,0.96733,0.95643,3.967,3.3785162,17-2x
C69726523,2019,,0.96745,0.95603333,,0.9485,,0.91167,0.94591333,3.884,3.32489991,17-2x
C49110233,2019,,0.922,0.95218855,,0.958,,0.92359,0.93894463,3.606,3.13742256,17-2x
C64098713,2019,,0.952475,0.97966666,,0.98,,0.95667,0.96720291,3.985,3.34183049,17-2x
C00699770,2019,,0.94035,0.988,,0.98285714,,0.97033,0.97038428,3.328,2.92972875,17-2x
C08178559,2019,,0.93451,0.90536666,,0.9721,,0.97157,0.94588666,3.58,3.13787699,17-2x
C43735727,2019,,0.956075,0.98046,,0.9654,,0.94483,0.96169125,3.804,3.26730466,17-2x
C91055562,2019,,0.971065,0.96077441,,0.98071428,,0.96767,0.97005592,4.082,3.54110527,17-2x
C62815536,2019,,,,0.946785,,0.93035958,0.95837,0.94517152,3.721,3.46416426,17-2x
C28707738,2019,,0.9022,0.94623333,,0.981,,0.96092,0.94758833,3.405,3.18530035,17-2x
C03113283,2019,,,,0.87302,,0.94769576,0.93651,0.91907525,3.565,3.05548525,17-2x
C46268950,2019,,0.9453,0.96233333,,0.965,,0.91931,0.94798583,3.747,3.19713259,17-2x
C51646050,2019,,0.955715,0.95833333,,0.9591,,0.94762,0.95519208,3.931,3.37909126,17-2x
C51401005,2019,,0.926,0.95263333,,0.9525,,0.96497,0.94902583,3.673,3.09007692,17-2x
C24394413,2019,,0.847375,0.88466666,,0.97,,0.87077,0.89320291,3.039,2.74665999,17-2x
C13343972,2019,,0.94225,0.9466,,0.9635,,0.87039,0.930685,3.444,2.91116428,17-2x
C82096217,2019,,0.9492,0.97633333,,0.98428571,,0.88603,0.94896226,3.441,3.08851123,17-2x
C23763076,2019,,0.938785,0.97710437,,0.98371428,,0.97433,0.96848341,3.913,3.51264763,17-2x
C73725307,2019,,0.9726,1.00116666,,0.9705,,0.97075,0.97875416,3.916,3.4366641,17-2x
C12820514,2019,,0.89108,0.92459666,,0.9686,,0.9002,0.92111916,3.245,3.03033876,17-2x
C11331978,2019,,0.97603,0.97272727,,0.9688,,0.97683,0.97359681,3.956,3.42133474,17-2x
C93658213,2019,,0.93975,0.946,,0.975,,0.935,0.9489375,3.859,3.31130743,17-2x
C65915737,2019,,,,0.94030612,,0.97070207,0.9845,0.96516939,3.99,3.27566099,17-2x
